"row.names","date","mktrf","smb","hml","rf","year","month","umd","dateff"
"1",1926-07-01,0.0296,-0.023,-0.0287,0.0022,1926.0,7.0,,1926-07-31
"2",1926-08-01,0.0264,-0.014,0.0419,0.0025,1926.0,8.0,,1926-08-31
"3",1926-09-01,0.0036,-0.0132,0.0001,0.0023,1926.0,9.0,,1926-09-30
"4",1926-10-01,-0.0324,0.0004,0.0051,0.0032,1926.0,10.0,,1926-10-30
"5",1926-11-01,0.0253,-0.002,-0.0035,0.0031,1926.0,11.0,,1926-11-30
"6",1926-12-01,0.0262,-0.0004,-0.0002,0.0028,1926.0,12.0,,1926-12-31
"7",1927-01-01,-0.0006,-0.0056,0.0483,0.0025,1927.0,1.0,0.0044,1927-01-31
"8",1927-02-01,0.0418,-0.001,0.0317,0.0026,1927.0,2.0,-0.0132,1927-02-28
"9",1927-03-01,0.0013,-0.016,-0.0267,0.003,1927.0,3.0,0.0359,1927-03-31
"10",1927-04-01,0.0046,0.0043,0.006,0.0025,1927.0,4.0,0.0417,1927-04-30
"11",1927-05-01,0.0544,0.0141,0.0493,0.003,1927.0,5.0,0.0296,1927-05-31
"12",1927-06-01,-0.0234,0.0047,-0.0153,0.0026,1927.0,6.0,0.0053,1927-06-30
"13",1927-07-01,0.0726,-0.0323,-0.0116,0.003,1927.0,7.0,0.0429,1927-07-30
"14",1927-08-01,0.0197,-0.0072,-0.0369,0.0028,1927.0,8.0,0.0114,1927-08-31
"15",1927-09-01,0.0476,-0.0357,-0.0071,0.0021,1927.0,9.0,0.0189,1927-09-30
"16",1927-10-01,-0.0431,0.0213,-0.0433,0.0025,1927.0,10.0,-0.0108,1927-10-31
"17",1927-11-01,0.0658,0.0276,-0.0031,0.0021,1927.0,11.0,-0.0067,1927-11-30
"18",1927-12-01,0.0209,0.0093,-0.0106,0.0022,1927.0,12.0,0.0315,1927-12-31
"19",1928-01-01,-0.0068,0.0425,-0.0072,0.0025,1928.0,1.0,-0.006,1928-01-31
"20",1928-02-01,-0.017,-0.0203,-0.0069,0.0033,1928.0,2.0,-0.0109,1928-02-29
"21",1928-03-01,0.0881,-0.0026,-0.012,0.0029,1928.0,3.0,0.0487,1928-03-31
"22",1928-04-01,0.0423,0.0382,0.0367,0.0022,1928.0,4.0,-0.0565,1928-04-30
"23",1928-05-01,0.0152,0.0298,-0.0346,0.0032,1928.0,5.0,0.0285,1928-05-31
"24",1928-06-01,-0.0485,-0.035,-0.0006,0.0031,1928.0,6.0,0.0205,1928-06-30
"25",1928-07-01,0.0062,-0.0135,-0.0047,0.0032,1928.0,7.0,0.0282,1928-07-31
"26",1928-08-01,0.0668,-0.0207,-0.0211,0.0032,1928.0,8.0,0.0369,1928-08-31
"27",1928-09-01,0.0288,0.0233,0.0099,0.0027,1928.0,9.0,0.0364,1928-09-29
"28",1928-10-01,0.0133,0.0227,-0.0226,0.0041,1928.0,10.0,0.0505,1928-10-31
"29",1928-11-01,0.1181,-0.0181,0.028,0.0038,1928.0,11.0,0.0212,1928-11-30
"30",1928-12-01,0.0036,-0.0085,-0.006,0.0006,1928.0,12.0,0.0178,1928-12-31
"31",1929-01-01,0.0466,-0.0354,-0.0121,0.0034,1929.0,1.0,0.0243,1929-01-31
"32",1929-02-01,-0.0034,-0.0039,0.0168,0.0036,1929.0,2.0,0.0308,1929-02-28
"33",1929-03-01,-0.0089,-0.0474,0.0161,0.0034,1929.0,3.0,-0.007,1929-03-28
"34",1929-04-01,0.0143,-0.01,0.006,0.0036,1929.0,4.0,0.0189,1929-04-30
"35",1929-05-01,-0.0639,-0.0535,-0.014,0.0044,1929.0,5.0,-0.0204,1929-05-31
"36",1929-06-01,0.097,-0.0217,-0.0276,0.0052,1929.0,6.0,0.0879,1929-06-29
"37",1929-07-01,0.0446,-0.0388,0.0266,0.0033,1929.0,7.0,0.0295,1929-07-31
"38",1929-08-01,0.0818,-0.0952,0.0006,0.004,1929.0,8.0,0.0467,1929-08-30
"39",1929-09-01,-0.0547,0.0117,-0.0063,0.0035,1929.0,9.0,0.0304,1929-09-30
"40",1929-10-01,-0.2012,-0.0408,0.0785,0.0046,1929.0,10.0,0.0409,1929-10-31
"41",1929-11-01,-0.1274,-0.019,0.0533,0.0037,1929.0,11.0,-0.0202,1929-11-27
"42",1929-12-01,0.0133,-0.0433,-0.0059,0.0037,1929.0,12.0,0.0515,1929-12-31
"43",1930-01-01,0.0561,0.0354,-0.0101,0.0014,1930.0,1.0,-0.0504,1930-01-31
"44",1930-02-01,0.025,0.0013,0.0039,0.003,1930.0,2.0,0.0062,1930-02-28
"45",1930-03-01,0.071,0.0343,0.0015,0.0035,1930.0,3.0,-0.0427,1930-03-31
"46",1930-04-01,-0.0206,-0.002,-0.0084,0.0021,1930.0,4.0,0.0398,1930-04-30
"47",1930-05-01,-0.0166,-0.0204,-0.0063,0.0026,1930.0,5.0,-0.0001,1930-05-29
"48",1930-06-01,-0.1627,-0.0324,0.02,0.0027,1930.0,6.0,0.0661,1930-06-30
"49",1930-07-01,0.0412,-0.0037,-0.0156,0.002,1930.0,7.0,-0.0211,1930-07-31
"50",1930-08-01,0.003,-0.0222,-0.0078,0.0009,1930.0,8.0,0.0392,1930-08-29
"51",1930-09-01,-0.1275,-0.0222,-0.0527,0.0022,1930.0,9.0,0.1151,1930-09-30
"52",1930-10-01,-0.0878,-0.001,-0.0135,0.0009,1930.0,10.0,0.0689,1930-10-31
"53",1930-11-01,-0.0304,0.0221,-0.0353,0.0013,1930.0,11.0,-0.0118,1930-11-29
"54",1930-12-01,-0.0783,-0.0467,-0.054,0.0014,1930.0,12.0,0.1327,1930-12-31
"55",1931-01-01,0.0624,0.0377,0.0716,0.0015,1931.0,1.0,-0.1082,1931-01-31
"56",1931-02-01,0.1088,0.0338,0.0161,0.0004,1931.0,2.0,-0.1437,1931-02-28
"57",1931-03-01,-0.0643,0.0307,-0.0366,0.0013,1931.0,3.0,0.0946,1931-03-31
"58",1931-04-01,-0.0998,-0.0462,-0.0394,0.0008,1931.0,4.0,0.1159,1931-04-30
"59",1931-05-01,-0.1324,0.0517,-0.0658,0.0009,1931.0,5.0,0.091,1931-05-29
"60",1931-06-01,0.139,-0.0538,0.1131,0.0008,1931.0,6.0,-0.1781,1931-06-30
"61",1931-07-01,-0.0662,0.0143,-0.021,0.0006,1931.0,7.0,0.0808,1931-07-31
"62",1931-08-01,0.0041,-0.0197,-0.0149,0.0003,1931.0,8.0,-0.0352,1931-08-31
"63",1931-09-01,-0.2913,0.0056,-0.0675,0.0003,1931.0,9.0,0.1023,1931-09-30
"64",1931-10-01,0.0804,-0.0187,0.017,0.001,1931.0,10.0,0.032,1931-10-31
"65",1931-11-01,-0.0908,0.043,-0.0505,0.0017,1931.0,11.0,0.0769,1931-11-30
"66",1931-12-01,-0.1353,-0.0056,-0.0886,0.0012,1931.0,12.0,0.1422,1931-12-31
"67",1932-01-01,-0.0158,0.0394,0.0904,0.0023,1932.0,1.0,-0.1037,1932-01-30
"68",1932-02-01,0.0546,-0.0277,-0.0145,0.0023,1932.0,2.0,0.0162,1932-02-29
"69",1932-03-01,-0.1121,0.0227,-0.0232,0.0016,1932.0,3.0,0.1033,1932-03-31
"70",1932-04-01,-0.1796,0.0144,0.0142,0.0011,1932.0,4.0,0.0695,1932-04-30
"71",1932-05-01,-0.2051,0.0391,-0.0299,0.0006,1932.0,5.0,0.122,1932-05-31
"72",1932-06-01,-0.007,0.0034,0.053,0.0002,1932.0,6.0,0.021,1932-06-30
"73",1932-07-01,0.3384,-0.0444,0.3546,0.0003,1932.0,7.0,-0.4394,1932-07-30
"74",1932-08-01,0.3706,0.1429,0.3303,0.0003,1932.0,8.0,-0.5227,1932-08-31
"75",1932-09-01,-0.0294,-0.0244,-0.0682,0.0003,1932.0,9.0,0.0244,1932-09-30
"76",1932-10-01,-0.1317,-0.0276,-0.1005,0.0002,1932.0,10.0,0.0429,1932-10-31
"77",1932-11-01,-0.0588,0.0208,-0.1328,0.0002,1932.0,11.0,-0.0207,1932-11-30
"78",1932-12-01,0.044,-0.0827,-0.0817,0.0001,1932.0,12.0,0.0526,1932-12-31
"79",1933-01-01,0.0125,0.0069,0.0623,0.0001,1933.0,1.0,-0.015,1933-01-31
"80",1933-02-01,-0.1524,-0.0275,-0.0273,-0.0003,1933.0,2.0,0.0417,1933-02-28
"81",1933-03-01,0.0329,0.039,0.0738,0.0004,1933.0,3.0,0.0221,1933-03-31
"82",1933-04-01,0.3885,0.0456,0.1743,0.001,1933.0,4.0,-0.1595,1933-04-29
"83",1933-05-01,0.2143,0.367,0.1903,0.0004,1933.0,5.0,-0.0391,1933-05-31
"84",1933-06-01,0.1311,0.0856,-0.0205,0.0002,1933.0,6.0,0.0338,1933-06-30
"85",1933-07-01,-0.0963,-0.0101,0.0327,0.0002,1933.0,7.0,0.0039,1933-07-31
"86",1933-08-01,0.1205,-0.0545,0.0296,0.0003,1933.0,8.0,0.0755,1933-08-31
"87",1933-09-01,-0.1065,-0.0032,-0.1177,0.0002,1933.0,9.0,0.0165,1933-09-30
"88",1933-10-01,-0.0836,-0.0008,-0.0846,0.0001,1933.0,10.0,-0.024,1933-10-31
"89",1933-11-01,0.0997,-0.0648,0.0233,0.0002,1933.0,11.0,0.0643,1933-11-29
"90",1933-12-01,0.0183,0.0066,-0.0153,0.0002,1933.0,12.0,0.0406,1933-12-30
"91",1934-01-01,0.126,0.1253,0.1554,0.0005,1934.0,1.0,-0.0337,1934-01-31
"92",1934-02-01,-0.025,0.0519,0.0212,0.0002,1934.0,2.0,-0.0035,1934-02-28
"93",1934-03-01,0.0009,0.0251,-0.0273,0.0002,1934.0,3.0,-0.0069,1934-03-31
"94",1934-04-01,-0.0179,0.028,-0.0375,0.0001,1934.0,4.0,-0.0512,1934-04-30
"95",1934-05-01,-0.0725,-0.0026,-0.0591,0.0001,1934.0,5.0,-0.027,1934-05-31
"96",1934-06-01,0.0264,-0.0214,-0.0292,0.0001,1934.0,6.0,-0.009,1934-06-30
"97",1934-07-01,-0.1096,-0.0692,-0.1064,0.0001,1934.0,7.0,0.0863,1934-07-31
"98",1934-08-01,0.0558,0.0539,0.0045,0.0001,1934.0,8.0,0.0241,1934-08-31
"99",1934-09-01,-0.0023,-0.015,-0.0122,0.0001,1934.0,9.0,0.0003,1934-09-29
"100",1934-10-01,-0.0166,0.0125,-0.0511,0.0001,1934.0,10.0,0.0704,1934-10-31
"101",1934-11-01,0.0833,0.065,-0.0224,0.0001,1934.0,11.0,0.0414,1934-11-30
"102",1934-12-01,0.0036,0.0306,-0.032,0.0001,1934.0,12.0,0.0466,1934-12-31
"103",1935-01-01,-0.0345,0.011,-0.0186,0.0001,1935.0,1.0,0.0361,1935-01-31
"104",1935-02-01,-0.0194,0.0041,-0.0727,0.0002,1935.0,2.0,0.1385,1935-02-28
"105",1935-03-01,-0.0368,-0.0357,-0.051,0.0001,1935.0,3.0,0.0286,1935-03-30
"106",1935-04-01,0.0906,-0.0151,0.0435,0.0001,1935.0,4.0,-0.0472,1935-04-30
"107",1935-05-01,0.0347,-0.0338,0.0256,0.0001,1935.0,5.0,-0.0362,1935-05-31
"108",1935-06-01,0.0593,-0.0251,-0.0165,0.0001,1935.0,6.0,0.0206,1935-06-29
"109",1935-07-01,0.0751,0.0147,0.0686,0.0001,1935.0,7.0,-0.0421,1935-07-31
"110",1935-08-01,0.0265,0.0628,0.057,0.0001,1935.0,8.0,-0.0769,1935-08-31
"111",1935-09-01,0.0263,0.0157,-0.0405,0.0001,1935.0,9.0,0.0893,1935-09-30
"112",1935-10-01,0.0703,0.0264,-0.0233,0.0001,1935.0,10.0,0.0209,1935-10-31
"113",1935-11-01,0.0488,0.0428,0.1191,0.0002,1935.0,11.0,-0.0591,1935-11-30
"114",1935-12-01,0.0456,0.0023,0.0107,0.0001,1935.0,12.0,0.0375,1935-12-31
"115",1936-01-01,0.0689,0.0514,0.1051,0.0001,1936.0,1.0,-0.0336,1936-01-31
"116",1936-02-01,0.0249,0.0114,0.0504,0.0001,1936.0,2.0,0.0251,1936-02-29
"117",1936-03-01,0.0099,0.0065,-0.0166,0.0002,1936.0,3.0,0.0179,1936-03-31
"118",1936-04-01,-0.0814,-0.0604,-0.0208,0.0002,1936.0,4.0,-0.0788,1936-04-30
"119",1936-05-01,0.0519,0.0083,0.0263,0.0002,1936.0,5.0,0.0244,1936-05-29
"120",1936-06-01,0.024,-0.0326,-0.012,0.0003,1936.0,6.0,0.0046,1936-06-30
"121",1936-07-01,0.0667,0.0114,0.0256,0.0001,1936.0,7.0,0.03,1936-07-31
"122",1936-08-01,0.0099,0.0072,0.0399,0.0002,1936.0,8.0,0.0056,1936-08-31
"123",1936-09-01,0.0098,0.0307,0.0088,0.0001,1936.0,9.0,0.0126,1936-09-30
"124",1936-10-01,0.0712,-0.0239,0.0252,0.0002,1936.0,10.0,0.0104,1936-10-31
"125",1936-11-01,0.0327,0.0901,-0.0092,0.0001,1936.0,11.0,0.0218,1936-11-30
"126",1936-12-01,0.0021,0.0361,0.0396,0.0,1936.0,12.0,0.0211,1936-12-31
"127",1937-01-01,0.0335,0.0431,0.0261,0.0001,1937.0,1.0,-0.0185,1937-01-30
"128",1937-02-01,0.0109,0.0123,0.0505,0.0002,1937.0,2.0,0.0298,1937-02-27
"129",1937-03-01,-0.0027,-0.0178,0.0639,0.0001,1937.0,3.0,0.0281,1937-03-31
"130",1937-04-01,-0.0736,-0.0377,-0.0361,0.0003,1937.0,4.0,-0.0371,1937-04-30
"131",1937-05-01,-0.0083,-0.0066,-0.0349,0.0006,1937.0,5.0,0.0051,1937-05-28
"132",1937-06-01,-0.0421,-0.0365,-0.0321,0.0003,1937.0,6.0,0.0068,1937-06-30
"133",1937-07-01,0.0891,0.0085,0.0082,0.0003,1937.0,7.0,-0.004,1937-07-31
"134",1937-08-01,-0.0486,0.0042,-0.0225,0.0002,1937.0,8.0,-0.0179,1937-08-31
"135",1937-09-01,-0.1361,-0.0689,-0.0457,0.0004,1937.0,9.0,-0.0714,1937-09-30
"136",1937-10-01,-0.0961,0.0045,-0.0162,0.0002,1937.0,10.0,-0.0156,1937-10-30
"137",1937-11-01,-0.0831,-0.0365,0.002,0.0002,1937.0,11.0,-0.0097,1937-11-30
"138",1937-12-01,-0.0424,-0.0776,-0.0039,0.0,1937.0,12.0,0.047,1937-12-31
"139",1938-01-01,0.0049,0.0497,-0.016,0.0,1938.0,1.0,-0.0144,1938-01-31
"140",1938-02-01,0.0584,0.0035,-0.0202,0.0,1938.0,2.0,-0.0308,1938-02-28
"141",1938-03-01,-0.2382,-0.0424,-0.0352,-0.0001,1938.0,3.0,0.1575,1938-03-31
"142",1938-04-01,0.1451,0.0637,0.0018,0.0001,1938.0,4.0,-0.0888,1938-04-30
"143",1938-05-01,-0.0383,-0.0247,-0.0028,0.0,1938.0,5.0,0.0713,1938-05-31
"144",1938-06-01,0.2387,0.0405,0.003,0.0,1938.0,6.0,-0.2486,1938-06-30
"145",1938-07-01,0.0734,0.0666,0.0218,-0.0001,1938.0,7.0,-0.0644,1938-07-30
"146",1938-08-01,-0.0267,-0.0244,-0.0472,0.0,1938.0,8.0,0.0395,1938-08-31
"147",1938-09-01,0.0081,-0.0272,-0.0162,0.0002,1938.0,9.0,0.0253,1938-09-30
"148",1938-10-01,0.078,0.0583,0.0501,0.0001,1938.0,10.0,-0.077,1938-10-31
"149",1938-11-01,-0.0172,-0.0256,-0.0123,-0.0006,1938.0,11.0,0.0313,1938-11-30
"150",1938-12-01,0.0419,-0.018,0.005,0.0,1938.0,12.0,0.0205,1938-12-31
"151",1939-01-01,-0.0596,-0.0156,-0.0392,-0.0001,1939.0,1.0,-0.0305,1939-01-31
"152",1939-02-01,0.0351,0.0063,0.0295,0.0001,1939.0,2.0,0.0325,1939-02-28
"153",1939-03-01,-0.1199,-0.0476,-0.0829,-0.0001,1939.0,3.0,-0.0148,1939-03-31
"154",1939-04-01,-0.0018,0.0166,-0.003,0.0,1939.0,4.0,0.027,1939-04-29
"155",1939-05-01,0.068,0.0281,0.0047,0.0001,1939.0,5.0,0.0356,1939-05-31
"156",1939-06-01,-0.0531,-0.0102,-0.0541,0.0001,1939.0,6.0,0.0196,1939-06-30
"157",1939-07-01,0.1024,0.0432,-0.0003,0.0,1939.0,7.0,-0.0058,1939-07-31
"158",1939-08-01,-0.0668,-0.0461,-0.0242,-0.0001,1939.0,8.0,0.0584,1939-08-31
"159",1939-09-01,0.1688,0.2023,0.2222,0.0001,1939.0,9.0,-0.3035,1939-09-30
"160",1939-10-01,-0.0053,-0.0001,-0.0489,0.0,1939.0,10.0,0.0646,1939-10-31
"161",1939-11-01,-0.0362,-0.0507,-0.0646,0.0,1939.0,11.0,-0.0022,1939-11-30
"162",1939-12-01,0.0303,0.0079,-0.0406,0.0,1939.0,12.0,0.054,1939-12-30
"163",1940-01-01,-0.0241,0.0024,-0.0077,0.0,1940.0,1.0,0.0174,1940-01-31
"164",1940-02-01,0.0144,0.0251,-0.0032,0.0,1940.0,2.0,0.0181,1940-02-29
"165",1940-03-01,0.0205,0.0125,-0.0127,0.0,1940.0,3.0,-0.0036,1940-03-30
"166",1940-04-01,0.0022,0.0392,-0.0013,0.0,1940.0,4.0,0.0333,1940-04-30
"167",1940-05-01,-0.2195,-0.0666,-0.0369,-0.0002,1940.0,5.0,0.0286,1940-05-31
"168",1940-06-01,0.0667,-0.0213,0.0463,0.0,1940.0,6.0,-0.0214,1940-06-29
"169",1940-07-01,0.0316,0.0101,-0.0074,0.0001,1940.0,7.0,0.0085,1940-07-31
"170",1940-08-01,0.0219,-0.0011,0.0056,-0.0001,1940.0,8.0,-0.0161,1940-08-31
"171",1940-09-01,0.0239,0.0322,-0.0113,0.0,1940.0,9.0,-0.0026,1940-09-30
"172",1940-10-01,0.0302,0.0028,0.0464,0.0,1940.0,10.0,-0.0653,1940-10-31
"173",1940-11-01,-0.0161,0.0194,0.0012,0.0,1940.0,11.0,0.0133,1940-11-30
"174",1940-12-01,0.0069,-0.0215,-0.0089,0.0,1940.0,12.0,0.0346,1940-12-31
"175",1941-01-01,-0.0417,0.01,0.0383,-0.0001,1941.0,1.0,-0.0472,1941-01-31
"176",1941-02-01,-0.0143,-0.0157,0.0089,-0.0001,1941.0,2.0,0.0091,1941-02-28
"177",1941-03-01,0.0084,0.001,0.0304,0.0001,1941.0,3.0,0.0243,1941-03-31
"178",1941-04-01,-0.0546,-0.0169,0.0341,-0.0001,1941.0,4.0,0.0303,1941-04-30
"179",1941-05-01,0.0139,-0.0066,0.006,0.0,1941.0,5.0,0.0246,1941-05-31
"180",1941-06-01,0.0583,0.0132,0.0059,0.0,1941.0,6.0,-0.0064,1941-06-30
"181",1941-07-01,0.0587,0.057,0.0725,0.0003,1941.0,7.0,-0.0175,1941-07-31
"182",1941-08-01,-0.0017,-0.0041,-0.011,0.0001,1941.0,8.0,0.0017,1941-08-30
"183",1941-09-01,-0.0087,-0.0099,-0.0028,0.0001,1941.0,9.0,-0.0157,1941-09-30
"184",1941-10-01,-0.0525,-0.0202,0.0163,0.0,1941.0,10.0,0.0474,1941-10-31
"185",1941-11-01,-0.0192,-0.0121,-0.0064,0.0,1941.0,11.0,0.0404,1941-11-29
"186",1941-12-01,-0.0487,-0.0298,-0.0594,0.0001,1941.0,12.0,0.0028,1941-12-31
"187",1942-01-01,0.0079,0.0752,0.101,0.0002,1942.0,1.0,-0.0358,1942-01-31
"188",1942-02-01,-0.0246,0.0172,-0.0113,0.0001,1942.0,2.0,-0.0071,1942-02-28
"189",1942-03-01,-0.0658,0.0178,-0.0062,0.0001,1942.0,3.0,-0.0021,1942-03-31
"190",1942-04-01,-0.0437,-0.006,0.0209,0.0001,1942.0,4.0,-0.0079,1942-04-30
"191",1942-05-01,0.0594,-0.0305,-0.0265,0.0003,1942.0,5.0,-0.0471,1942-05-29
"192",1942-06-01,0.0269,-0.0122,0.0054,0.0002,1942.0,6.0,-0.0132,1942-06-30
"193",1942-07-01,0.0351,-0.0016,0.024,0.0003,1942.0,7.0,0.0077,1942-07-31
"194",1942-08-01,0.018,-0.0009,0.0133,0.0003,1942.0,8.0,-0.0013,1942-08-31
"195",1942-09-01,0.0261,0.0066,0.0239,0.0003,1942.0,9.0,-0.0064,1942-09-30
"196",1942-10-01,0.0682,0.0182,0.0647,0.0003,1942.0,10.0,-0.0401,1942-10-31
"197",1942-11-01,0.0015,-0.0154,-0.0424,0.0003,1942.0,11.0,-0.0097,1942-11-30
"198",1942-12-01,0.0512,-0.0249,0.0056,0.0003,1942.0,12.0,0.0306,1942-12-31
"199",1943-01-01,0.0713,0.0878,0.0823,0.0003,1943.0,1.0,-0.0036,1943-01-30
"200",1943-02-01,0.0615,0.0484,0.0651,0.0003,1943.0,2.0,-0.0146,1943-02-27
"201",1943-03-01,0.0601,0.0503,0.0548,0.0003,1943.0,3.0,0.0474,1943-03-31
"202",1943-04-01,0.0081,0.0206,0.0586,0.0003,1943.0,4.0,0.0618,1943-04-30
"203",1943-05-01,0.0574,0.0441,0.0328,0.0003,1943.0,5.0,0.0561,1943-05-29
"204",1943-06-01,0.0182,-0.0106,-0.0074,0.0003,1943.0,6.0,-0.013,1943-06-30
"205",1943-07-01,-0.0477,-0.0241,-0.0227,0.0003,1943.0,7.0,-0.0459,1943-07-31
"206",1943-08-01,0.013,-0.0062,-0.0047,0.0003,1943.0,8.0,0.0071,1943-08-31
"207",1943-09-01,0.024,0.0128,0.0143,0.0003,1943.0,9.0,0.0178,1943-09-30
"208",1943-10-01,-0.0115,0.0058,0.0165,0.0003,1943.0,10.0,-0.0053,1943-10-30
"209",1943-11-01,-0.0591,-0.0164,-0.0404,0.0003,1943.0,11.0,-0.0472,1943-11-30
"210",1943-12-01,0.0636,0.0334,0.0322,0.0003,1943.0,12.0,0.0599,1943-12-31
"211",1944-01-01,0.0174,0.0256,0.0217,0.0003,1944.0,1.0,0.0097,1944-01-31
"212",1944-02-01,0.0037,-0.001,0.0083,0.0003,1944.0,2.0,0.0034,1944-02-29
"213",1944-03-01,0.0246,0.0171,0.0343,0.0002,1944.0,3.0,0.0261,1944-03-31
"214",1944-04-01,-0.0169,-0.0135,-0.0113,0.0003,1944.0,4.0,0.0052,1944-04-29
"215",1944-05-01,0.0507,0.0167,0.0102,0.0003,1944.0,5.0,0.0207,1944-05-31
"216",1944-06-01,0.0549,0.0404,0.0182,0.0003,1944.0,6.0,-0.0522,1944-06-30
"217",1944-07-01,-0.0149,0.0055,-0.0043,0.0003,1944.0,7.0,0.0019,1944-07-31
"218",1944-08-01,0.0157,0.0241,-0.0163,0.0003,1944.0,8.0,0.0468,1944-08-31
"219",1944-09-01,0.0001,0.0047,-0.0121,0.0002,1944.0,9.0,-0.0108,1944-09-30
"220",1944-10-01,0.0016,-0.0014,-0.0034,0.0003,1944.0,10.0,-0.0124,1944-10-31
"221",1944-11-01,0.0171,0.0037,0.0231,0.0003,1944.0,11.0,0.0128,1944-11-30
"222",1944-12-01,0.0403,0.0224,0.0591,0.0002,1944.0,12.0,0.0336,1944-12-30
"223",1945-01-01,0.0201,0.0244,0.0071,0.0003,1945.0,1.0,0.0004,1945-01-31
"224",1945-02-01,0.0623,0.0156,0.044,0.0002,1945.0,2.0,0.0303,1945-02-28
"225",1945-03-01,-0.0389,-0.0161,-0.0178,0.0002,1945.0,3.0,-0.0328,1945-03-31
"226",1945-04-01,0.078,0.0032,0.0321,0.0003,1945.0,4.0,0.0479,1945-04-30
"227",1945-05-01,0.0173,0.0151,0.0035,0.0003,1945.0,5.0,0.0011,1945-05-31
"228",1945-06-01,0.0039,0.031,0.0432,0.0002,1945.0,6.0,0.0411,1945-06-30
"229",1945-07-01,-0.0217,-0.0146,-0.0271,0.0003,1945.0,7.0,-0.0262,1945-07-31
"230",1945-08-01,0.062,0.0161,-0.044,0.0003,1945.0,8.0,-0.014,1945-08-31
"231",1945-09-01,0.0477,0.0171,0.0048,0.0003,1945.0,9.0,0.014,1945-09-29
"232",1945-10-01,0.0389,0.0246,0.0225,0.0003,1945.0,10.0,0.0025,1945-10-31
"233",1945-11-01,0.0539,0.0416,0.0434,0.0002,1945.0,11.0,0.0425,1945-11-30
"234",1945-12-01,0.012,0.0212,-0.0232,0.0003,1945.0,12.0,0.0123,1945-12-31
"235",1946-01-01,0.0624,0.0402,0.0221,0.0003,1946.0,1.0,0.0376,1946-01-31
"236",1946-02-01,-0.0583,-0.0073,-0.0127,0.0003,1946.0,2.0,-0.0145,1946-02-28
"237",1946-03-01,0.0587,0.0031,-0.0036,0.0003,1946.0,3.0,0.0269,1946-03-30
"238",1946-04-01,0.0423,0.0237,0.0045,0.0003,1946.0,4.0,0.0303,1946-04-30
"239",1946-05-01,0.0393,0.0146,0.0109,0.0003,1946.0,5.0,-0.0061,1946-05-31
"240",1946-06-01,-0.0389,-0.0153,-0.0059,0.0003,1946.0,6.0,-0.0252,1946-06-28
"241",1946-07-01,-0.0269,-0.0206,0.0004,0.0003,1946.0,7.0,-0.001,1946-07-31
"242",1946-08-01,-0.0644,-0.0178,0.006,0.0003,1946.0,8.0,-0.0003,1946-08-30
"243",1946-09-01,-0.1017,-0.0441,-0.0196,0.0003,1946.0,9.0,0.0074,1946-09-30
"244",1946-10-01,-0.0144,0.0009,0.0344,0.0003,1946.0,10.0,0.0097,1946-10-31
"245",1946-11-01,-0.0001,-0.004,0.0152,0.0003,1946.0,11.0,0.002,1946-11-30
"246",1946-12-01,0.0496,0.0006,-0.0138,0.0003,1946.0,12.0,-0.001,1946-12-31
"247",1947-01-01,0.0125,0.0218,-0.0073,0.0003,1947.0,1.0,-0.0644,1947-01-31
"248",1947-02-01,-0.0108,0.0068,0.0014,0.0003,1947.0,2.0,-0.0049,1947-02-28
"249",1947-03-01,-0.0167,-0.0161,0.0061,0.0003,1947.0,3.0,0.0406,1947-03-31
"250",1947-04-01,-0.048,-0.0397,0.0085,0.0003,1947.0,4.0,0.0505,1947-04-30
"251",1947-05-01,-0.0097,-0.0326,0.0034,0.0003,1947.0,5.0,0.0333,1947-05-29
"252",1947-06-01,0.0529,-0.0031,-0.006,0.0003,1947.0,6.0,-0.0185,1947-06-30
"253",1947-07-01,0.0414,0.0143,0.0282,0.0003,1947.0,7.0,-0.0342,1947-07-31
"254",1947-08-01,-0.0174,0.003,0.0016,0.0003,1947.0,8.0,0.0338,1947-08-29
"255",1947-09-01,-0.0054,0.0164,0.0136,0.0006,1947.0,9.0,-0.0002,1947-09-30
"256",1947-10-01,0.0247,0.0051,0.0008,0.0006,1947.0,10.0,0.0134,1947-10-31
"257",1947-11-01,-0.0197,-0.0174,0.0106,0.0006,1947.0,11.0,0.0423,1947-11-29
"258",1947-12-01,0.03,-0.0248,0.0369,0.0008,1947.0,12.0,0.036,1947-12-31
"259",1948-01-01,-0.0393,0.0249,0.0138,0.0007,1948.0,1.0,-0.0429,1948-01-31
"260",1948-02-01,-0.0438,-0.0171,0.0007,0.0007,1948.0,2.0,0.0147,1948-02-28
"261",1948-03-01,0.0807,0.0013,0.0449,0.0009,1948.0,3.0,-0.0019,1948-03-31
"262",1948-04-01,0.0365,-0.0166,0.041,0.0008,1948.0,4.0,0.0406,1948-04-30
"263",1948-05-01,0.073,0.0093,-0.0123,0.0008,1948.0,5.0,0.0238,1948-05-28
"264",1948-06-01,-0.001,-0.0186,0.0275,0.0009,1948.0,6.0,0.0399,1948-06-30
"265",1948-07-01,-0.0509,-0.0032,0.0007,0.0008,1948.0,7.0,-0.0158,1948-07-30
"266",1948-08-01,0.0025,-0.011,0.0027,0.0009,1948.0,8.0,0.0023,1948-08-31
"267",1948-09-01,-0.0297,-0.0123,-0.0179,0.0004,1948.0,9.0,-0.0126,1948-09-30
"268",1948-10-01,0.0596,-0.015,0.0056,0.0004,1948.0,10.0,0.0279,1948-10-30
"269",1948-11-01,-0.093,-0.0062,-0.0414,0.0004,1948.0,11.0,0.006,1948-11-30
"270",1948-12-01,0.0326,-0.028,-0.0194,0.0004,1948.0,12.0,0.0466,1948-12-31
"271",1949-01-01,0.0023,0.0181,0.0117,0.001,1949.0,1.0,-0.0292,1949-01-31
"272",1949-02-01,-0.0293,-0.0189,-0.0091,0.0009,1949.0,2.0,-0.0041,1949-02-28
"273",1949-03-01,0.0404,0.0248,0.0134,0.001,1949.0,3.0,-0.0087,1949-03-31
"274",1949-04-01,-0.0187,-0.0089,-0.0118,0.0009,1949.0,4.0,0.0306,1949-04-30
"275",1949-05-01,-0.0294,-0.0077,-0.0242,0.001,1949.0,5.0,0.0304,1949-05-31
"276",1949-06-01,0.001,-0.0088,-0.0176,0.001,1949.0,6.0,-0.0128,1949-06-30
"277",1949-07-01,0.0554,0.0057,0.0038,0.0009,1949.0,7.0,-0.0154,1949-07-29
"278",1949-08-01,0.026,0.0013,-0.0057,0.0009,1949.0,8.0,0.017,1949-08-31
"279",1949-09-01,0.0309,0.0105,0.0023,0.0009,1949.0,9.0,-0.0142,1949-09-30
"280",1949-10-01,0.0314,0.0103,-0.0049,0.0009,1949.0,10.0,0.0,1949-10-31
"281",1949-11-01,0.0182,-0.0093,-0.0091,0.0008,1949.0,11.0,0.0127,1949-11-30
"282",1949-12-01,0.0513,0.0207,0.0175,0.0009,1949.0,12.0,-0.0078,1949-12-31
"283",1950-01-01,0.017,0.0336,0.0014,0.0009,1950.0,1.0,-0.0232,1950-01-31
"284",1950-02-01,0.0148,0.0004,-0.0081,0.0009,1950.0,2.0,0.0136,1950-02-28
"285",1950-03-01,0.0126,-0.0141,-0.0277,0.001,1950.0,3.0,0.0154,1950-03-31
"286",1950-04-01,0.0394,0.0199,0.0134,0.0009,1950.0,4.0,0.0033,1950-04-29
"287",1950-05-01,0.0431,-0.0212,0.0046,0.001,1950.0,5.0,0.0038,1950-05-31
"288",1950-06-01,-0.0594,-0.0238,-0.0078,0.001,1950.0,6.0,-0.0166,1950-06-30
"289",1950-07-01,0.0136,0.0051,0.1366,0.001,1950.0,7.0,-0.0047,1950-07-31
"290",1950-08-01,0.0485,0.0073,-0.0141,0.001,1950.0,8.0,0.0321,1950-08-31
"291",1950-09-01,0.0481,0.0057,-0.0111,0.001,1950.0,9.0,-0.0013,1950-09-29
"292",1950-10-01,-0.0018,-0.0058,0.0144,0.0012,1950.0,10.0,0.0142,1950-10-31
"293",1950-11-01,0.0276,-0.0084,0.0317,0.0011,1950.0,11.0,0.0359,1950-11-30
"294",1950-12-01,0.0554,0.0149,0.0723,0.0011,1950.0,12.0,0.0497,1950-12-30
"295",1951-01-01,0.057,0.0173,0.0372,0.0013,1951.0,1.0,0.02,1951-01-31
"296",1951-02-01,0.0141,0.0009,-0.0283,0.001,1951.0,2.0,-0.0158,1951-02-28
"297",1951-03-01,-0.0215,-0.0064,-0.0422,0.0011,1951.0,3.0,-0.0295,1951-03-31
"298",1951-04-01,0.0486,-0.0149,0.0328,0.0013,1951.0,4.0,0.0602,1951-04-30
"299",1951-05-01,-0.0234,-0.0001,-0.0133,0.0012,1951.0,5.0,-0.0093,1951-05-31
"300",1951-06-01,-0.0262,-0.0195,-0.0396,0.0012,1951.0,6.0,-0.0239,1951-06-29
"301",1951-07-01,0.0694,-0.0199,0.0201,0.0013,1951.0,7.0,0.0724,1951-07-31
"302",1951-08-01,0.0427,0.0099,-0.0016,0.0013,1951.0,8.0,0.01,1951-08-31
"303",1951-09-01,0.007,0.019,0.0061,0.0012,1951.0,9.0,0.0056,1951-09-28
"304",1951-10-01,-0.0253,-0.0022,0.0025,0.0016,1951.0,10.0,-0.0031,1951-10-31
"305",1951-11-01,0.0057,-0.0029,-0.0005,0.0011,1951.0,11.0,0.0063,1951-11-30
"306",1951-12-01,0.0333,-0.0225,-0.0156,0.0012,1951.0,12.0,0.017,1951-12-31
"307",1952-01-01,0.0145,-0.0061,0.0154,0.0015,1952.0,1.0,0.0137,1952-01-31
"308",1952-02-01,-0.0262,0.0079,-0.0061,0.0012,1952.0,2.0,-0.0075,1952-02-29
"309",1952-03-01,0.0444,-0.0299,0.0216,0.0011,1952.0,3.0,0.0165,1952-03-31
"310",1952-04-01,-0.0497,0.0048,-0.001,0.0012,1952.0,4.0,-0.0204,1952-04-30
"311",1952-05-01,0.032,-0.0101,0.0008,0.0013,1952.0,5.0,0.0049,1952-05-29
"312",1952-06-01,0.0383,-0.0161,0.0123,0.0015,1952.0,6.0,0.015,1952-06-30
"313",1952-07-01,0.0091,-0.004,-0.0035,0.0015,1952.0,7.0,-0.0052,1952-07-31
"314",1952-08-01,-0.0076,0.0118,0.0003,0.0015,1952.0,8.0,0.0031,1952-08-29
"315",1952-09-01,-0.0203,0.0115,-0.0151,0.0016,1952.0,9.0,0.0176,1952-09-30
"316",1952-10-01,-0.0066,-0.0106,-0.0045,0.0014,1952.0,10.0,0.0275,1952-10-31
"317",1952-11-01,0.0594,-0.0071,0.0095,0.001,1952.0,11.0,0.0044,1952-11-28
"318",1952-12-01,0.0293,-0.0148,0.0018,0.0016,1952.0,12.0,0.0151,1952-12-31
"319",1953-01-01,-0.0034,0.0358,0.0132,0.0016,1953.0,1.0,0.0072,1953-01-30
"320",1953-02-01,-0.0027,0.0215,-0.0008,0.0014,1953.0,2.0,0.0086,1953-02-27
"321",1953-03-01,-0.0143,-0.0019,-0.008,0.0018,1953.0,3.0,0.0008,1953-03-31
"322",1953-04-01,-0.0283,0.0028,0.0153,0.0016,1953.0,4.0,0.0185,1953-04-30
"323",1953-05-01,0.0052,-0.0007,0.0023,0.0017,1953.0,5.0,0.0094,1953-05-29
"324",1953-06-01,-0.0189,-0.0186,-0.0047,0.0018,1953.0,6.0,-0.0001,1953-06-30
"325",1953-07-01,0.024,-0.0105,-0.0024,0.0015,1953.0,7.0,-0.0031,1953-07-31
"326",1953-08-01,-0.0452,0.0036,-0.0354,0.0017,1953.0,8.0,0.0221,1953-08-31
"327",1953-09-01,0.002,-0.0085,-0.0242,0.0016,1953.0,9.0,0.0288,1953-09-30
"328",1953-10-01,0.046,-0.0137,-0.0019,0.0013,1953.0,10.0,0.0027,1953-10-30
"329",1953-11-01,0.0283,-0.0129,-0.0017,0.0008,1953.0,11.0,0.0195,1953-11-30
"330",1953-12-01,0.0003,-0.0084,-0.0284,0.0013,1953.0,12.0,0.0519,1953-12-31
"331",1954-01-01,0.0513,0.0046,0.0351,0.0011,1954.0,1.0,-0.0574,1954-01-29
"332",1954-02-01,0.0167,-0.0017,-0.0028,0.0007,1954.0,2.0,0.0103,1954-02-26
"333",1954-03-01,0.0365,-0.0049,-0.0146,0.0008,1954.0,3.0,0.022,1954-03-31
"334",1954-04-01,0.0427,-0.0348,-0.0037,0.0009,1954.0,4.0,0.0498,1954-04-30
"335",1954-05-01,0.0309,0.0039,0.0246,0.0005,1954.0,5.0,-0.0199,1954-05-28
"336",1954-06-01,0.0107,0.0041,-0.0003,0.0006,1954.0,6.0,0.0352,1954-06-30
"337",1954-07-01,0.0499,0.0107,0.0411,0.0005,1954.0,7.0,0.0044,1954-07-30
"338",1954-08-01,-0.0234,0.0266,-0.0136,0.0005,1954.0,8.0,-0.0064,1954-08-31
"339",1954-09-01,0.0639,-0.0254,0.0066,0.0009,1954.0,9.0,0.0154,1954-09-30
"340",1954-10-01,-0.0167,0.0059,0.0072,0.0007,1954.0,10.0,0.0096,1954-10-29
"341",1954-11-01,0.0938,-0.0262,0.0436,0.0006,1954.0,11.0,0.0193,1954-11-30
"342",1954-12-01,0.0548,0.0214,0.0571,0.0008,1954.0,12.0,-0.0141,1954-12-31
"343",1955-01-01,0.006,0.0025,0.0218,0.0008,1955.0,1.0,0.0136,1955-01-31
"344",1955-02-01,0.0302,0.0154,0.0062,0.0009,1955.0,2.0,0.0109,1955-02-28
"345",1955-03-01,-0.0016,-0.0066,0.0195,0.001,1955.0,3.0,0.0103,1955-03-31
"346",1955-04-01,0.0311,-0.0179,0.0081,0.001,1955.0,4.0,0.0009,1955-04-29
"347",1955-05-01,0.0093,-0.0029,-0.0086,0.0014,1955.0,5.0,0.0056,1955-05-31
"348",1955-06-01,0.0655,-0.0465,0.0192,0.001,1955.0,6.0,0.0466,1955-06-30
"349",1955-07-01,0.019,-0.0136,0.0063,0.001,1955.0,7.0,-0.0123,1955-07-29
"350",1955-08-01,0.0021,-0.0038,0.0058,0.0016,1955.0,8.0,0.0179,1955-08-31
"351",1955-09-01,-0.0036,0.003,-0.0106,0.0016,1955.0,9.0,0.0177,1955-09-30
"352",1955-10-01,-0.0268,0.015,-0.0003,0.0018,1955.0,10.0,-0.005,1955-10-31
"353",1955-11-01,0.0703,-0.0246,0.005,0.0017,1955.0,11.0,0.0267,1955-11-30
"354",1955-12-01,0.0149,0.0208,-0.0224,0.0018,1955.0,12.0,-0.0133,1955-12-30
"355",1956-01-01,-0.0303,0.0044,0.0112,0.0022,1956.0,1.0,-0.0148,1956-01-31
"356",1956-02-01,0.0377,-0.0104,-0.0053,0.0019,1956.0,2.0,0.0197,1956-02-29
"357",1956-03-01,0.0664,-0.0242,-0.0014,0.0015,1956.0,3.0,0.0359,1956-03-29
"358",1956-04-01,0.0028,0.0007,-0.0018,0.0019,1956.0,4.0,0.0257,1956-04-30
"359",1956-05-01,-0.052,0.015,-0.0133,0.0023,1956.0,5.0,-0.0162,1956-05-31
"360",1956-06-01,0.0348,-0.0146,-0.0132,0.002,1956.0,6.0,0.0271,1956-06-29
"361",1956-07-01,0.0484,-0.0168,-0.0001,0.0022,1956.0,7.0,0.0252,1956-07-31
"362",1956-08-01,-0.0318,0.019,-0.0071,0.0017,1956.0,8.0,-0.0069,1956-08-31
"363",1956-09-01,-0.0514,0.0156,0.0179,0.0018,1956.0,9.0,-0.0076,1956-09-28
"364",1956-10-01,0.0052,-0.0009,-0.0006,0.0025,1956.0,10.0,0.0246,1956-10-31
"365",1956-11-01,0.0036,-0.0022,0.0178,0.002,1956.0,11.0,0.0341,1956-11-30
"366",1956-12-01,0.0316,-0.0003,-0.021,0.0024,1956.0,12.0,0.0381,1956-12-31
"367",1957-01-01,-0.0358,0.034,0.0278,0.0027,1957.0,1.0,-0.0305,1957-01-31
"368",1957-02-01,-0.0206,-0.0072,-0.0073,0.0024,1957.0,2.0,0.0031,1957-02-28
"369",1957-03-01,0.0213,0.0027,-0.0047,0.0023,1957.0,3.0,-0.0018,1957-03-29
"370",1957-04-01,0.0426,-0.016,-0.0151,0.0025,1957.0,4.0,0.0096,1957-04-30
"371",1957-05-01,0.0345,-0.0107,-0.0205,0.0026,1957.0,5.0,0.0044,1957-05-31
"372",1957-06-01,-0.0074,0.0055,0.0001,0.0024,1957.0,6.0,0.0077,1957-06-28
"373",1957-07-01,0.0066,-0.0076,0.0038,0.003,1957.0,7.0,-0.0007,1957-07-31
"374",1957-08-01,-0.0511,0.0006,-0.0045,0.0025,1957.0,8.0,0.0049,1957-08-30
"375",1957-09-01,-0.0598,0.0008,0.0088,0.0026,1957.0,9.0,0.0062,1957-09-30
"376",1957-10-01,-0.0432,-0.0252,-0.0183,0.0029,1957.0,10.0,0.0194,1957-10-31
"377",1957-11-01,0.023,0.004,-0.029,0.0028,1957.0,11.0,0.0124,1957-11-29
"378",1957-12-01,-0.0391,-0.0093,-0.0171,0.0024,1957.0,12.0,0.0779,1957-12-31
"379",1958-01-01,0.0466,0.0436,0.0423,0.0028,1958.0,1.0,-0.0763,1958-01-31
"380",1958-02-01,-0.0152,0.007,0.0028,0.0012,1958.0,2.0,0.0375,1958-02-28
"381",1958-03-01,0.0327,0.0063,-0.0092,0.0009,1958.0,3.0,-0.0185,1958-03-31
"382",1958-04-01,0.0309,-0.0059,0.0146,0.0008,1958.0,4.0,0.0185,1958-04-30
"383",1958-05-01,0.0231,0.0224,-0.0035,0.0011,1958.0,5.0,-0.0182,1958-05-29
"384",1958-06-01,0.0293,-0.0024,0.005,0.0003,1958.0,6.0,-0.0087,1958-06-30
"385",1958-07-01,0.0439,0.0047,0.0312,0.0007,1958.0,7.0,-0.0362,1958-07-31
"386",1958-08-01,0.0191,0.0119,0.0029,0.0004,1958.0,8.0,0.0028,1958-08-29
"387",1958-09-01,0.0466,0.0015,0.0296,0.0019,1958.0,9.0,-0.0113,1958-09-30
"388",1958-10-01,0.0253,0.0113,-0.0118,0.0018,1958.0,10.0,0.0312,1958-10-31
"389",1958-11-01,0.0301,0.0206,-0.0129,0.0011,1958.0,11.0,0.0157,1958-11-28
"390",1958-12-01,0.0515,-0.0207,-0.0005,0.0022,1958.0,12.0,-0.0065,1958-12-31
"391",1959-01-01,0.0071,0.0302,0.0298,0.0021,1959.0,1.0,-0.0024,1959-01-30
"392",1959-02-01,0.0095,0.0149,0.0105,0.0019,1959.0,2.0,0.034,1959-02-27
"393",1959-03-01,0.0028,0.0148,-0.0035,0.0022,1959.0,3.0,0.0013,1959-03-31
"394",1959-04-01,0.0366,-0.0058,-0.0122,0.002,1959.0,4.0,0.0315,1959-04-30
"395",1959-05-01,0.0173,-0.0215,0.0187,0.0022,1959.0,5.0,0.015,1959-05-29
"396",1959-06-01,-0.0025,0.0068,0.0133,0.0025,1959.0,6.0,0.0291,1959-06-30
"397",1959-07-01,0.0317,-0.0032,0.0026,0.0025,1959.0,7.0,-0.0032,1959-07-31
"398",1959-08-01,-0.0139,-0.0078,0.0044,0.0019,1959.0,8.0,-0.0095,1959-08-31
"399",1959-09-01,-0.048,-0.0009,0.0057,0.0031,1959.0,9.0,0.0085,1959-09-30
"400",1959-10-01,0.0128,0.0143,-0.0205,0.003,1959.0,10.0,0.0348,1959-10-30
"401",1959-11-01,0.016,0.0124,-0.0327,0.0026,1959.0,11.0,0.0226,1959-11-30
"402",1959-12-01,0.0245,-0.006,-0.0003,0.0034,1959.0,12.0,0.0099,1959-12-31
"403",1960-01-01,-0.0698,0.0209,0.0273,0.0033,1960.0,1.0,-0.0349,1960-01-29
"404",1960-02-01,0.0117,0.0051,-0.0199,0.0029,1960.0,2.0,0.0386,1960-02-29
"405",1960-03-01,-0.0163,-0.0051,-0.0285,0.0035,1960.0,3.0,0.0143,1960-03-31
"406",1960-04-01,-0.0171,0.0031,-0.0223,0.0019,1960.0,4.0,0.0281,1960-04-29
"407",1960-05-01,0.0312,0.0121,-0.0376,0.0027,1960.0,5.0,0.0481,1960-05-31
"408",1960-06-01,0.0208,-0.0022,-0.0034,0.0024,1960.0,6.0,0.0086,1960-06-30
"409",1960-07-01,-0.0237,-0.0051,0.0201,0.0013,1960.0,7.0,-0.0078,1960-07-29
"410",1960-08-01,0.0301,0.0088,-0.0017,0.0017,1960.0,8.0,0.0192,1960-08-31
"411",1960-09-01,-0.0599,-0.011,0.0155,0.0016,1960.0,9.0,0.0031,1960-09-30
"412",1960-10-01,-0.0071,-0.04,0.0266,0.0022,1960.0,10.0,0.0125,1960-10-31
"413",1960-11-01,0.0469,0.0039,-0.0252,0.0013,1960.0,11.0,0.0374,1960-11-30
"414",1960-12-01,0.0471,-0.0158,-0.0076,0.0016,1960.0,12.0,0.0139,1960-12-30
"415",1961-01-01,0.062,0.0066,0.037,0.0019,1961.0,1.0,-0.0399,1961-01-31
"416",1961-02-01,0.0357,0.0398,-0.0074,0.0014,1961.0,2.0,0.0098,1961-02-28
"417",1961-03-01,0.0289,0.0331,-0.0083,0.002,1961.0,3.0,0.0451,1961-03-30
"418",1961-04-01,0.0029,0.0007,0.021,0.0017,1961.0,4.0,0.0352,1961-04-28
"419",1961-05-01,0.024,0.02,0.004,0.0018,1961.0,5.0,-0.0156,1961-05-31
"420",1961-06-01,-0.0308,-0.0245,-0.0021,0.002,1961.0,6.0,0.0037,1961-06-30
"421",1961-07-01,0.0283,-0.0188,-0.0011,0.0018,1961.0,7.0,0.0024,1961-07-31
"422",1961-08-01,0.0257,-0.0175,-0.0028,0.0014,1961.0,8.0,0.0165,1961-08-31
"423",1961-09-01,-0.0215,-0.0105,-0.0058,0.0017,1961.0,9.0,0.0083,1961-09-29
"424",1961-10-01,0.0257,-0.0161,0.0012,0.0019,1961.0,10.0,0.0313,1961-10-31
"425",1961-11-01,0.0445,0.0124,-0.0119,0.0015,1961.0,11.0,0.0134,1961-11-30
"426",1961-12-01,-0.0018,-0.0083,0.0183,0.0019,1961.0,12.0,-0.0224,1961-12-29
"427",1962-01-01,-0.0387,0.0178,0.0509,0.0024,1962.0,1.0,-0.0207,1962-01-31
"428",1962-02-01,0.0181,-0.0116,0.0085,0.002,1962.0,2.0,-0.0102,1962-02-28
"429",1962-03-01,-0.0068,0.0053,-0.0143,0.002,1962.0,3.0,0.0183,1962-03-30
"430",1962-04-01,-0.0659,-0.0068,0.0003,0.0022,1962.0,4.0,0.0289,1962-04-30
"431",1962-05-01,-0.0865,-0.0333,0.0278,0.0024,1962.0,5.0,0.0038,1962-05-31
"432",1962-06-01,-0.0847,-0.0057,0.0254,0.002,1962.0,6.0,0.0645,1962-06-29
"433",1962-07-01,0.0628,0.0149,-0.0344,0.0027,1962.0,7.0,0.0055,1962-07-31
"434",1962-08-01,0.0213,0.0123,-0.0119,0.0023,1962.0,8.0,-0.0058,1962-08-31
"435",1962-09-01,-0.0522,-0.0243,0.0123,0.0021,1962.0,9.0,0.0395,1962-09-28
"436",1962-10-01,-0.0005,-0.0397,0.0129,0.0025,1962.0,10.0,0.0075,1962-10-31
"437",1962-11-01,0.1087,0.0261,0.0101,0.002,1962.0,11.0,-0.0717,1962-11-30
"438",1962-12-01,0.0101,-0.038,0.0033,0.0023,1962.0,12.0,0.0588,1962-12-31
"439",1963-01-01,0.0493,0.0306,0.0226,0.0025,1963.0,1.0,-0.021,1963-01-31
"440",1963-02-01,-0.0238,0.005,0.0221,0.0023,1963.0,2.0,0.0252,1963-02-28
"441",1963-03-01,0.0308,-0.0262,0.021,0.0023,1963.0,3.0,0.0156,1963-03-29
"442",1963-04-01,0.0451,-0.0131,0.0101,0.0025,1963.0,4.0,-0.0008,1963-04-30
"443",1963-05-01,0.0176,0.0112,0.025,0.0024,1963.0,5.0,0.0037,1963-05-31
"444",1963-06-01,-0.02,-0.0025,0.007,0.0023,1963.0,6.0,0.0117,1963-06-28
"445",1963-07-01,-0.0039,-0.0056,-0.0083,0.0027,1963.0,7.0,0.01,1963-07-31
"446",1963-08-01,0.0507,-0.0094,0.0167,0.0025,1963.0,8.0,0.0103,1963-08-30
"447",1963-09-01,-0.0157,-0.003,0.0018,0.0027,1963.0,9.0,0.0016,1963-09-30
"448",1963-10-01,0.0253,-0.0054,-0.001,0.0029,1963.0,10.0,0.0314,1963-10-31
"449",1963-11-01,-0.0085,-0.0113,0.0171,0.0027,1963.0,11.0,-0.0075,1963-11-29
"450",1963-12-01,0.0183,-0.0197,-0.0012,0.0029,1963.0,12.0,0.017,1963-12-31
"451",1964-01-01,0.0224,-0.0019,0.0159,0.003,1964.0,1.0,0.0106,1964-01-31
"452",1964-02-01,0.0154,0.001,0.0283,0.0026,1964.0,2.0,0.0024,1964-02-28
"453",1964-03-01,0.0141,0.0099,0.0332,0.0031,1964.0,3.0,0.0071,1964-03-31
"454",1964-04-01,0.001,-0.0137,-0.0055,0.0029,1964.0,4.0,-0.006,1964-04-30
"455",1964-05-01,0.0142,-0.009,0.0198,0.0026,1964.0,5.0,0.0254,1964-05-28
"456",1964-06-01,0.0127,-0.0026,0.0068,0.003,1964.0,6.0,0.0045,1964-06-30
"457",1964-07-01,0.0174,0.0028,0.0068,0.003,1964.0,7.0,-0.0038,1964-07-31
"458",1964-08-01,-0.0144,0.0009,0.0009,0.0028,1964.0,8.0,-0.0019,1964-08-31
"459",1964-09-01,0.0269,-0.0051,0.0165,0.0028,1964.0,9.0,-0.0039,1964-09-30
"460",1964-10-01,0.0059,0.0043,0.0114,0.0029,1964.0,10.0,0.0008,1964-10-30
"461",1964-11-01,0.0,0.0061,-0.0198,0.0029,1964.0,11.0,0.0108,1964-11-30
"462",1964-12-01,0.0003,-0.0026,-0.0255,0.0031,1964.0,12.0,-0.0069,1964-12-31
"463",1965-01-01,0.0354,0.027,0.0018,0.0028,1965.0,1.0,-0.0128,1965-01-29
"464",1965-02-01,0.0044,0.0348,0.0022,0.003,1965.0,2.0,0.003,1965-02-26
"465",1965-03-01,-0.0134,0.0179,0.0109,0.0036,1965.0,3.0,0.001,1965-03-31
"466",1965-04-01,0.0311,0.012,0.0071,0.0031,1965.0,4.0,0.0254,1965-04-30
"467",1965-05-01,-0.0077,0.0004,-0.0163,0.0031,1965.0,5.0,0.0054,1965-05-28
"468",1965-06-01,-0.0551,-0.0435,0.0055,0.0035,1965.0,6.0,-0.0312,1965-06-30
"469",1965-07-01,0.0143,0.0087,0.0218,0.0031,1965.0,7.0,0.041,1965-07-30
"470",1965-08-01,0.0273,0.0281,-0.0096,0.0033,1965.0,8.0,0.0258,1965-08-31
"471",1965-09-01,0.0286,0.0061,-0.001,0.0031,1965.0,9.0,0.0337,1965-09-30
"472",1965-10-01,0.026,0.0248,0.0152,0.0031,1965.0,10.0,0.0345,1965-10-29
"473",1965-11-01,-0.0003,0.0468,0.0021,0.0035,1965.0,11.0,0.0442,1965-11-30
"474",1965-12-01,0.0101,0.0208,0.0195,0.0033,1965.0,12.0,0.0009,1965-12-31
"475",1966-01-01,0.0072,0.0389,0.0349,0.0038,1966.0,1.0,0.0541,1966-01-31
"476",1966-02-01,-0.0121,0.0454,0.0027,0.0035,1966.0,2.0,0.0458,1966-02-28
"477",1966-03-01,-0.0251,0.0094,-0.0207,0.0038,1966.0,3.0,0.0134,1966-03-31
"478",1966-04-01,0.0214,0.0345,-0.0054,0.0034,1966.0,4.0,0.0618,1966-04-29
"479",1966-05-01,-0.0566,-0.047,-0.0155,0.0041,1966.0,5.0,-0.0469,1966-05-31
"480",1966-06-01,-0.0144,0.0102,0.005,0.0038,1966.0,6.0,0.0328,1966-06-30
"481",1966-07-01,-0.0163,-0.0044,0.0096,0.0035,1966.0,7.0,-0.0139,1966-07-29
"482",1966-08-01,-0.0791,-0.0323,0.0047,0.0041,1966.0,8.0,-0.0211,1966-08-31
"483",1966-09-01,-0.0106,-0.0107,0.0053,0.004,1966.0,9.0,-0.0173,1966-09-30
"484",1966-10-01,0.0386,-0.0664,0.0287,0.0045,1966.0,10.0,-0.0513,1966-10-31
"485",1966-11-01,0.014,0.0422,-0.0446,0.004,1966.0,11.0,0.0573,1966-11-30
"486",1966-12-01,0.0013,0.0186,-0.0122,0.004,1966.0,12.0,0.0107,1966-12-30
"487",1967-01-01,0.0815,0.0832,0.0222,0.0043,1967.0,1.0,-0.0675,1967-01-31
"488",1967-02-01,0.0078,0.0334,-0.0217,0.0036,1967.0,2.0,0.0356,1967-02-28
"489",1967-03-01,0.0399,0.0163,0.0031,0.0039,1967.0,3.0,0.0142,1967-03-31
"490",1967-04-01,0.0389,0.0062,-0.0264,0.0032,1967.0,4.0,0.0064,1967-04-28
"491",1967-05-01,-0.0433,0.0198,0.008,0.0033,1967.0,5.0,0.0067,1967-05-31
"492",1967-06-01,0.0241,0.0596,0.0096,0.0027,1967.0,6.0,0.0603,1967-06-30
"493",1967-07-01,0.0458,0.0308,0.0265,0.0031,1967.0,7.0,-0.0107,1967-07-31
"494",1967-08-01,-0.0089,0.0047,0.0146,0.0031,1967.0,8.0,-0.0141,1967-08-31
"495",1967-09-01,0.0311,0.031,-0.0247,0.0032,1967.0,9.0,0.0255,1967-09-29
"496",1967-10-01,-0.0309,0.0142,-0.0339,0.0039,1967.0,10.0,0.0367,1967-10-31
"497",1967-11-01,0.0037,0.002,-0.0171,0.0036,1967.0,11.0,0.0129,1967-11-30
"498",1967-12-01,0.0305,0.0573,-0.0039,0.0033,1967.0,12.0,0.0323,1967-12-29
"499",1968-01-01,-0.0406,0.0391,0.0475,0.004,1968.0,1.0,-0.0464,1968-01-31
"500",1968-02-01,-0.0375,-0.0295,0.0117,0.0039,1968.0,2.0,-0.0341,1968-02-29
"501",1968-03-01,0.002,-0.0128,-0.0059,0.0038,1968.0,3.0,0.0318,1968-03-29
"502",1968-04-01,0.0905,0.0573,-0.0103,0.0043,1968.0,4.0,0.0515,1968-04-30
"503",1968-05-01,0.0228,0.0643,0.0084,0.0045,1968.0,5.0,0.0373,1968-05-31
"504",1968-06-01,0.0069,-0.0017,0.0067,0.0043,1968.0,6.0,-0.0192,1968-06-28
"505",1968-07-01,-0.0272,-0.013,0.0548,0.0048,1968.0,7.0,-0.0084,1968-07-30
"506",1968-08-01,0.0134,0.0234,0.01,0.0042,1968.0,8.0,0.0188,1968-08-30
"507",1968-09-01,0.0403,0.0276,0.0023,0.0043,1968.0,9.0,-0.0067,1968-09-30
"508",1968-10-01,0.0042,-0.0047,0.0289,0.0044,1968.0,10.0,-0.0152,1968-10-31
"509",1968-11-01,0.0543,0.0235,-0.009,0.0042,1968.0,11.0,0.0173,1968-11-29
"510",1968-12-01,-0.0394,0.0344,0.0002,0.0043,1968.0,12.0,0.0011,1968-12-31
"511",1969-01-01,-0.0125,-0.0078,0.0169,0.0053,1969.0,1.0,-0.0015,1969-01-31
"512",1969-02-01,-0.0584,-0.0389,0.0091,0.0046,1969.0,2.0,-0.0246,1969-02-28
"513",1969-03-01,0.0264,-0.0025,-0.0046,0.0046,1969.0,3.0,0.0395,1969-03-28
"514",1969-04-01,0.0146,-0.0088,0.0003,0.0053,1969.0,4.0,0.0117,1969-04-30
"515",1969-05-01,-0.001,-0.0027,0.0073,0.0048,1969.0,5.0,0.0168,1969-05-29
"516",1969-06-01,-0.0718,-0.0539,-0.0109,0.0051,1969.0,6.0,-0.0223,1969-06-30
"517",1969-07-01,-0.07,-0.0321,0.0142,0.0053,1969.0,7.0,0.0164,1969-07-31
"518",1969-08-01,0.0468,0.0094,-0.0387,0.005,1969.0,8.0,0.0214,1969-08-29
"519",1969-09-01,-0.0298,0.012,-0.0319,0.0062,1969.0,9.0,0.0253,1969-09-30
"520",1969-10-01,0.0506,0.0381,-0.0319,0.006,1969.0,10.0,-0.0432,1969-10-31
"521",1969-11-01,-0.0379,-0.0253,-0.0112,0.0052,1969.0,11.0,0.036,1969-11-28
"522",1969-12-01,-0.0263,-0.0367,-0.0302,0.0064,1969.0,12.0,0.0505,1969-12-31
"523",1970-01-01,-0.081,0.029,0.0304,0.006,1970.0,1.0,0.0062,1970-01-30
"524",1970-02-01,0.0513,-0.024,0.0404,0.0062,1970.0,2.0,0.0012,1970-02-27
"525",1970-03-01,-0.0106,-0.0232,0.0425,0.0057,1970.0,3.0,-0.0029,1970-03-31
"526",1970-04-01,-0.11,-0.0611,0.064,0.005,1970.0,4.0,-0.0073,1970-04-30
"527",1970-05-01,-0.0692,-0.0452,0.036,0.0053,1970.0,5.0,-0.0273,1970-05-29
"528",1970-06-01,-0.0579,-0.0216,0.0087,0.0058,1970.0,6.0,0.0578,1970-06-30
"529",1970-07-01,0.0693,-0.0054,0.0096,0.0052,1970.0,7.0,-0.0294,1970-07-31
"530",1970-08-01,0.0449,0.0152,0.0103,0.0053,1970.0,8.0,-0.065,1970-08-31
"531",1970-09-01,0.0418,0.0862,-0.0558,0.0054,1970.0,9.0,-0.0892,1970-09-30
"532",1970-10-01,-0.0228,-0.0428,0.0027,0.0046,1970.0,10.0,0.0961,1970-10-30
"533",1970-11-01,0.046,-0.0407,0.0163,0.0046,1970.0,11.0,0.0289,1970-11-30
"534",1970-12-01,0.0572,0.0297,0.0101,0.0042,1970.0,12.0,-0.0219,1970-12-31
"535",1971-01-01,0.0484,0.0737,0.0138,0.0038,1971.0,1.0,-0.0671,1971-01-29
"536",1971-02-01,0.0141,0.0188,-0.0129,0.0033,1971.0,2.0,0.0081,1971-02-26
"537",1971-03-01,0.0413,0.0254,-0.0404,0.003,1971.0,3.0,-0.0121,1971-03-31
"538",1971-04-01,0.0315,-0.0049,0.0072,0.0028,1971.0,4.0,0.0132,1971-04-30
"539",1971-05-01,-0.0398,-0.011,-0.0138,0.0029,1971.0,5.0,0.0089,1971-05-28
"540",1971-06-01,-0.001,-0.0142,-0.0206,0.0037,1971.0,6.0,0.0272,1971-06-30
"541",1971-07-01,-0.045,-0.015,0.0017,0.004,1971.0,7.0,-0.0237,1971-07-30
"542",1971-08-01,0.0379,-0.0016,0.0267,0.0047,1971.0,8.0,0.0351,1971-08-31
"543",1971-09-01,-0.0085,0.0041,-0.0296,0.0037,1971.0,9.0,0.0209,1971-09-30
"544",1971-10-01,-0.0442,-0.018,-0.0043,0.0037,1971.0,10.0,0.0046,1971-10-29
"545",1971-11-01,-0.0046,-0.0285,-0.017,0.0037,1971.0,11.0,0.0148,1971-11-30
"546",1971-12-01,0.0871,0.0332,-0.0035,0.0037,1971.0,12.0,-0.0068,1971-12-31
"547",1972-01-01,0.0249,0.0612,0.0199,0.0029,1972.0,1.0,0.0024,1972-01-31
"548",1972-02-01,0.0287,0.0137,-0.0276,0.0025,1972.0,2.0,0.027,1972-02-29
"549",1972-03-01,0.0063,-0.0027,-0.0173,0.0027,1972.0,3.0,0.0291,1972-03-30
"550",1972-04-01,0.0029,0.0001,0.0023,0.0029,1972.0,4.0,0.029,1972-04-28
"551",1972-05-01,0.0125,-0.0279,-0.0269,0.003,1972.0,5.0,0.0319,1972-05-31
"552",1972-06-01,-0.0243,0.0033,-0.0251,0.0029,1972.0,6.0,0.0193,1972-06-30
"553",1972-07-01,-0.008,-0.0289,0.0078,0.0031,1972.0,7.0,0.0275,1972-07-31
"554",1972-08-01,0.0326,-0.0409,0.0469,0.0029,1972.0,8.0,-0.0534,1972-08-31
"555",1972-09-01,-0.0114,-0.0267,0.0047,0.0034,1972.0,9.0,0.0175,1972-09-29
"556",1972-10-01,0.0052,-0.0274,0.0137,0.004,1972.0,10.0,0.0075,1972-10-31
"557",1972-11-01,0.046,-0.0111,0.0476,0.0037,1972.0,11.0,-0.0514,1972-11-30
"558",1972-12-01,0.0062,-0.0186,-0.0227,0.0037,1972.0,12.0,0.0498,1972-12-29
"559",1973-01-01,-0.0329,-0.0348,0.0268,0.0044,1973.0,1.0,0.0371,1973-01-31
"560",1973-02-01,-0.0485,-0.0399,0.017,0.0041,1973.0,2.0,0.0212,1973-02-28
"561",1973-03-01,-0.013,-0.0282,0.0278,0.0046,1973.0,3.0,0.0362,1973-03-30
"562",1973-04-01,-0.0568,-0.0399,0.0569,0.0052,1973.0,4.0,0.064,1973-04-30
"563",1973-05-01,-0.0294,-0.0612,0.0021,0.0051,1973.0,5.0,0.0709,1973-05-31
"564",1973-06-01,-0.0156,-0.0295,0.0144,0.0051,1973.0,6.0,0.0432,1973-06-29
"565",1973-07-01,0.0505,0.0792,-0.0535,0.0064,1973.0,7.0,-0.1169,1973-07-31
"566",1973-08-01,-0.0382,-0.0202,0.0113,0.007,1973.0,8.0,0.0342,1973-08-31
"567",1973-09-01,0.0475,0.0294,0.0219,0.0068,1973.0,9.0,-0.0703,1973-09-28
"568",1973-10-01,-0.0083,-0.0023,0.0175,0.0065,1973.0,10.0,0.0675,1973-10-31
"569",1973-11-01,-0.1275,-0.0771,0.0409,0.0056,1973.0,11.0,0.0863,1973-11-30
"570",1973-12-01,0.0061,-0.0529,0.041,0.0064,1973.0,12.0,0.1039,1973-12-31
"571",1974-01-01,-0.0017,0.0976,0.0598,0.0063,1974.0,1.0,-0.0882,1974-01-31
"572",1974-02-01,-0.0047,0.0004,0.0256,0.0058,1974.0,2.0,0.0014,1974-02-28
"573",1974-03-01,-0.0281,0.0251,-0.0011,0.0056,1974.0,3.0,-0.0099,1974-03-29
"574",1974-04-01,-0.0529,-0.007,0.0103,0.0075,1974.0,4.0,0.02,1974-04-30
"575",1974-05-01,-0.0468,-0.03,-0.0207,0.0075,1974.0,5.0,-0.0026,1974-05-31
"576",1974-06-01,-0.0283,-0.002,0.0077,0.006,1974.0,6.0,0.0237,1974-06-28
"577",1974-07-01,-0.0805,0.0092,0.0514,0.007,1974.0,7.0,0.0301,1974-07-31
"578",1974-08-01,-0.0935,-0.0068,0.025,0.006,1974.0,8.0,0.03,1974-08-30
"579",1974-09-01,-0.1177,0.0027,0.0549,0.0081,1974.0,9.0,0.0432,1974-09-30
"580",1974-10-01,0.161,-0.0351,-0.0999,0.0051,1974.0,10.0,-0.005,1974-10-31
"581",1974-11-01,-0.0451,-0.0117,-0.0016,0.0054,1974.0,11.0,0.0217,1974-11-29
"582",1974-12-01,-0.0345,-0.0484,0.0,0.007,1974.0,12.0,0.0295,1974-12-31
"583",1975-01-01,0.1366,0.1101,0.0844,0.0058,1975.0,1.0,-0.1389,1975-01-31
"584",1975-02-01,0.0556,0.0016,-0.0456,0.0043,1975.0,2.0,-0.0055,1975-02-28
"585",1975-03-01,0.0266,0.0375,0.0249,0.0041,1975.0,3.0,-0.0199,1975-03-31
"586",1975-04-01,0.0423,-0.0054,-0.0111,0.0044,1975.0,4.0,0.0134,1975-04-30
"587",1975-05-01,0.0519,0.0383,-0.0402,0.0044,1975.0,5.0,-0.0047,1975-05-30
"588",1975-06-01,0.0483,0.0076,0.0132,0.0041,1975.0,6.0,0.0006,1975-06-30
"589",1975-07-01,-0.0659,0.0269,0.017,0.0048,1975.0,7.0,0.0042,1975-07-31
"590",1975-08-01,-0.0285,-0.032,-0.009,0.0048,1975.0,8.0,-0.0013,1975-08-29
"591",1975-09-01,-0.0426,-0.0013,0.0034,0.0053,1975.0,9.0,0.0032,1975-09-30
"592",1975-10-01,0.0531,-0.0402,0.003,0.0056,1975.0,10.0,-0.0014,1975-10-31
"593",1975-11-01,0.0264,-0.0119,0.0199,0.0041,1975.0,11.0,-0.0045,1975-11-28
"594",1975-12-01,-0.016,-0.0076,0.0175,0.0048,1975.0,12.0,-0.0012,1975-12-31
"595",1976-01-01,0.1216,0.048,0.0858,0.0047,1976.0,1.0,0.0446,1976-01-30
"596",1976-02-01,0.0032,0.0703,0.0578,0.0034,1976.0,2.0,0.0036,1976-02-27
"597",1976-03-01,0.0232,-0.0117,-0.0004,0.004,1976.0,3.0,0.0019,1976-03-31
"598",1976-04-01,-0.0149,-0.0003,-0.0006,0.0042,1976.0,4.0,0.005,1976-04-30
"599",1976-05-01,-0.0134,-0.0124,-0.0132,0.0037,1976.0,5.0,-0.011,1976-05-28
"600",1976-06-01,0.0405,-0.0135,0.0068,0.0043,1976.0,6.0,-0.0042,1976-06-30
"601",1976-07-01,-0.0107,0.003,0.0174,0.0047,1976.0,7.0,-0.0012,1976-07-30
"602",1976-08-01,-0.0056,-0.0201,0.0079,0.0042,1976.0,8.0,-0.0085,1976-08-31
"603",1976-09-01,0.0207,0.0,-0.0029,0.0044,1976.0,9.0,0.0024,1976-09-30
"604",1976-10-01,-0.0242,0.0025,-0.0012,0.0041,1976.0,10.0,-0.0048,1976-10-29
"605",1976-11-01,0.0036,0.0232,0.0152,0.004,1976.0,11.0,0.029,1976-11-30
"606",1976-12-01,0.0565,0.03,0.0221,0.004,1976.0,12.0,0.0077,1976-12-31
"607",1977-01-01,-0.0405,0.0478,0.0426,0.0036,1977.0,1.0,0.0398,1977-01-31
"608",1977-02-01,-0.0194,0.0108,0.005,0.0035,1977.0,2.0,0.0034,1977-02-28
"609",1977-03-01,-0.0137,0.0099,0.0102,0.0038,1977.0,3.0,0.0049,1977-03-31
"610",1977-04-01,0.0015,-0.001,0.0347,0.0038,1977.0,4.0,0.0422,1977-04-29
"611",1977-05-01,-0.0145,0.0118,0.0084,0.0037,1977.0,5.0,0.0201,1977-05-31
"612",1977-06-01,0.0471,0.0213,-0.0064,0.004,1977.0,6.0,0.0177,1977-06-30
"613",1977-07-01,-0.0169,0.0212,-0.0059,0.0042,1977.0,7.0,0.0031,1977-07-29
"614",1977-08-01,-0.0175,0.0152,-0.0279,0.0044,1977.0,8.0,-0.0178,1977-08-31
"615",1977-09-01,-0.0027,0.0145,-0.0049,0.0043,1977.0,9.0,0.0206,1977-09-30
"616",1977-10-01,-0.0438,0.0127,0.0172,0.0049,1977.0,10.0,-0.0013,1977-10-31
"617",1977-11-01,0.04,0.0372,0.0031,0.005,1977.0,11.0,0.0219,1977-11-30
"618",1977-12-01,0.0027,0.0135,-0.0037,0.0049,1977.0,12.0,0.0156,1977-12-30
"619",1978-01-01,-0.0601,0.0222,0.0331,0.0049,1978.0,1.0,-0.0072,1978-01-31
"620",1978-02-01,-0.0138,0.0359,0.0076,0.0046,1978.0,2.0,0.019,1978-02-28
"621",1978-03-01,0.0285,0.0348,0.012,0.0053,1978.0,3.0,0.0137,1978-03-31
"622",1978-04-01,0.0788,0.004,-0.0354,0.0054,1978.0,4.0,0.0085,1978-04-28
"623",1978-05-01,0.0176,0.0456,-0.0062,0.0051,1978.0,5.0,0.0285,1978-05-31
"624",1978-06-01,-0.0169,0.0169,0.0059,0.0054,1978.0,6.0,0.0278,1978-06-30
"625",1978-07-01,0.0511,0.0026,-0.0111,0.0056,1978.0,7.0,0.0422,1978-07-31
"626",1978-08-01,0.0375,0.0506,-0.0046,0.0056,1978.0,8.0,0.0282,1978-08-31
"627",1978-09-01,-0.0143,-0.0039,0.0187,0.0062,1978.0,9.0,-0.0311,1978-09-29
"628",1978-10-01,-0.1191,-0.0988,0.0136,0.0068,1978.0,10.0,-0.0839,1978-10-31
"629",1978-11-01,0.0271,0.0301,-0.0222,0.007,1978.0,11.0,0.0552,1978-11-30
"630",1978-12-01,0.0088,0.0124,-0.0219,0.0078,1978.0,12.0,0.0305,1978-12-29
"631",1979-01-01,0.0423,0.0366,0.0227,0.0077,1979.0,1.0,-0.0124,1979-01-31
"632",1979-02-01,-0.0356,0.0045,0.012,0.0073,1979.0,2.0,-0.0106,1979-02-28
"633",1979-03-01,0.0568,0.0319,-0.0067,0.0081,1979.0,3.0,0.0288,1979-03-30
"634",1979-04-01,-0.0006,0.0218,0.0105,0.008,1979.0,4.0,0.0081,1979-04-30
"635",1979-05-01,-0.0221,0.0016,0.0132,0.0082,1979.0,5.0,-0.0057,1979-05-31
"636",1979-06-01,0.0385,0.0117,0.0148,0.0081,1979.0,6.0,0.0082,1979-06-29
"637",1979-07-01,0.0082,0.0126,0.017,0.0077,1979.0,7.0,-0.0109,1979-07-31
"638",1979-08-01,0.0553,0.0208,-0.0155,0.0077,1979.0,8.0,-0.0023,1979-08-31
"639",1979-09-01,-0.0082,-0.0025,-0.0087,0.0083,1979.0,9.0,0.0534,1979-09-28
"640",1979-10-01,-0.081,-0.0334,-0.0186,0.0087,1979.0,10.0,0.0212,1979-10-31
"641",1979-11-01,0.0521,0.0274,-0.0325,0.0099,1979.0,11.0,0.0796,1979-11-30
"642",1979-12-01,0.0179,0.0417,-0.0198,0.0095,1979.0,12.0,0.0478,1979-12-31
"643",1980-01-01,0.0551,0.0165,0.018,0.008,1980.0,1.0,0.0751,1980-01-31
"644",1980-02-01,-0.0122,-0.0182,0.0062,0.0089,1980.0,2.0,0.0788,1980-02-29
"645",1980-03-01,-0.129,-0.0664,-0.0106,0.0121,1980.0,3.0,-0.0959,1980-03-31
"646",1980-04-01,0.0397,0.0097,0.0106,0.0126,1980.0,4.0,-0.0042,1980-04-30
"647",1980-05-01,0.0526,0.0216,0.0039,0.0081,1980.0,5.0,-0.0111,1980-05-30
"648",1980-06-01,0.0306,0.0167,-0.0089,0.0061,1980.0,6.0,0.0159,1980-06-30
"649",1980-07-01,0.0649,0.0425,-0.063,0.0053,1980.0,7.0,0.0037,1980-07-31
"650",1980-08-01,0.018,0.0392,-0.0264,0.0064,1980.0,8.0,0.0319,1980-08-29
"651",1980-09-01,0.0219,0.0089,-0.0479,0.0075,1980.0,9.0,0.0544,1980-09-30
"652",1980-10-01,0.0106,0.0247,-0.0274,0.0095,1980.0,10.0,0.0732,1980-10-31
"653",1980-11-01,0.0959,-0.0345,-0.0835,0.0096,1980.0,11.0,0.1524,1980-11-28
"654",1980-12-01,-0.0452,-0.0028,0.0268,0.0131,1980.0,12.0,-0.0665,1980-12-31
"655",1981-01-01,-0.0504,0.03,0.0684,0.0104,1981.0,1.0,-0.0794,1981-01-30
"656",1981-02-01,0.0057,-0.0031,0.0097,0.0107,1981.0,2.0,-0.0139,1981-02-27
"657",1981-03-01,0.0356,0.0358,0.0067,0.0121,1981.0,3.0,0.0074,1981-03-31
"658",1981-04-01,-0.0211,0.0442,0.0226,0.0108,1981.0,4.0,-0.0096,1981-04-30
"659",1981-05-01,0.0011,0.02,-0.0043,0.0115,1981.0,5.0,0.0375,1981-05-29
"660",1981-06-01,-0.0236,-0.0085,0.0513,0.0135,1981.0,6.0,-0.059,1981-06-30
"661",1981-07-01,-0.0154,-0.0218,-0.0066,0.0124,1981.0,7.0,-0.0252,1981-07-31
"662",1981-08-01,-0.0704,-0.0195,0.0484,0.0128,1981.0,8.0,-0.0112,1981-08-31
"663",1981-09-01,-0.0717,-0.0266,0.052,0.0124,1981.0,9.0,0.0198,1981-09-30
"664",1981-10-01,0.0492,0.0213,-0.0421,0.0121,1981.0,10.0,0.0407,1981-10-30
"665",1981-11-01,0.0336,-0.0096,0.019,0.0107,1981.0,11.0,-0.0027,1981-11-30
"666",1981-12-01,-0.0365,0.0117,0.0074,0.0087,1981.0,12.0,0.0132,1981-12-31
"667",1982-01-01,-0.0324,-0.0129,0.0317,0.008,1982.0,1.0,0.0173,1982-01-29
"668",1982-02-01,-0.0586,0.0049,0.061,0.0092,1982.0,2.0,0.05,1982-02-26
"669",1982-03-01,-0.0187,-0.0019,0.0378,0.0098,1982.0,3.0,0.0293,1982-03-31
"670",1982-04-01,0.0327,0.0151,-0.0278,0.0113,1982.0,4.0,-0.0041,1982-04-30
"671",1982-05-01,-0.0399,0.0047,0.0181,0.0106,1982.0,5.0,0.0255,1982-05-28
"672",1982-06-01,-0.0309,-0.004,0.0154,0.0096,1982.0,6.0,0.05,1982-06-30
"673",1982-07-01,-0.0319,0.0084,0.0015,0.0105,1982.0,7.0,0.0447,1982-07-30
"674",1982-08-01,0.1114,-0.0411,0.0116,0.0076,1982.0,8.0,-0.0352,1982-08-31
"675",1982-09-01,0.0129,0.0288,0.0034,0.0051,1982.0,9.0,0.0417,1982-09-30
"676",1982-10-01,0.113,0.0235,-0.0368,0.0059,1982.0,10.0,0.0003,1982-10-29
"677",1982-11-01,0.0467,0.0477,-0.0196,0.0063,1982.0,11.0,0.0589,1982-11-30
"678",1982-12-01,0.0055,-0.0018,0.0001,0.0067,1982.0,12.0,0.0002,1982-12-31
"679",1983-01-01,0.036,0.027,-0.0086,0.0069,1983.0,1.0,-0.017,1983-01-31
"680",1983-02-01,0.0259,0.0323,0.0067,0.0062,1983.0,2.0,0.0383,1983-02-28
"681",1983-03-01,0.0282,0.0177,0.0207,0.0063,1983.0,3.0,0.0093,1983-03-31
"682",1983-04-01,0.0667,0.0053,0.006,0.0071,1983.0,4.0,0.018,1983-04-29
"683",1983-05-01,0.0052,0.0616,-0.014,0.0069,1983.0,5.0,-0.0159,1983-05-31
"684",1983-06-01,0.0307,0.0091,-0.0387,0.0067,1983.0,6.0,0.0178,1983-06-30
"685",1983-07-01,-0.0407,0.0146,0.0562,0.0074,1983.0,7.0,-0.0313,1983-07-29
"686",1983-08-01,-0.005,-0.043,0.0555,0.0076,1983.0,8.0,-0.0544,1983-08-31
"687",1983-09-01,0.0091,0.0056,0.0109,0.0076,1983.0,9.0,-0.001,1983-09-30
"688",1983-10-01,-0.0344,-0.036,0.0506,0.0076,1983.0,10.0,-0.0456,1983-10-31
"689",1983-11-01,0.0216,0.0204,-0.0062,0.007,1983.0,11.0,-0.0009,1983-11-30
"690",1983-12-01,-0.0178,-0.0029,0.0167,0.0073,1983.0,12.0,0.0074,1983-12-30
"691",1984-01-01,-0.0192,-0.0043,0.0763,0.0076,1984.0,1.0,-0.0249,1984-01-31
"692",1984-02-01,-0.0482,-0.0171,0.0336,0.0071,1984.0,2.0,0.0019,1984-02-29
"693",1984-03-01,0.0063,0.0007,0.0048,0.0073,1984.0,3.0,0.0109,1984-03-30
"694",1984-04-01,-0.0051,-0.012,0.0129,0.0081,1984.0,4.0,0.0205,1984-04-30
"695",1984-05-01,-0.0597,0.0003,0.0026,0.0078,1984.0,5.0,0.0152,1984-05-31
"696",1984-06-01,0.0182,-0.0032,-0.026,0.0075,1984.0,6.0,-0.007,1984-06-29
"697",1984-07-01,-0.0274,-0.0221,0.0049,0.0082,1984.0,7.0,0.0293,1984-07-31
"698",1984-08-01,0.1028,-0.0025,-0.0185,0.0083,1984.0,8.0,-0.0569,1984-08-31
"699",1984-09-01,-0.008,0.002,0.0532,0.0086,1984.0,9.0,0.0367,1984-09-28
"700",1984-10-01,-0.0084,-0.012,0.0051,0.01,1984.0,10.0,0.0321,1984-10-31
"701",1984-11-01,-0.0176,-0.0062,0.0408,0.0073,1984.0,11.0,0.017,1984-11-30
"702",1984-12-01,0.0184,-0.006,-0.0017,0.0064,1984.0,12.0,0.0154,1984-12-31
"703",1985-01-01,0.0799,0.0327,-0.0543,0.0065,1985.0,1.0,-0.069,1985-01-31
"704",1985-02-01,0.0122,0.0076,-0.0012,0.0058,1985.0,2.0,0.0182,1985-02-28
"705",1985-03-01,-0.0084,-0.0115,0.041,0.0062,1985.0,3.0,0.0168,1985-03-29
"706",1985-04-01,-0.0096,0.0014,0.0373,0.0072,1985.0,4.0,0.0306,1985-04-30
"707",1985-05-01,0.0509,-0.0225,-0.0086,0.0066,1985.0,5.0,0.04,1985-05-31
"708",1985-06-01,0.0127,0.0046,0.004,0.0055,1985.0,6.0,0.0363,1985-06-28
"709",1985-07-01,-0.0074,0.0285,-0.0163,0.0062,1985.0,7.0,-0.0394,1985-07-31
"710",1985-08-01,-0.0102,-0.0034,0.0228,0.0055,1985.0,8.0,0.0182,1985-08-30
"711",1985-09-01,-0.0454,-0.0158,0.0132,0.006,1985.0,9.0,0.0148,1985-09-30
"712",1985-10-01,0.0402,-0.0157,0.0078,0.0065,1985.0,10.0,0.0488,1985-10-31
"713",1985-11-01,0.0648,0.0023,-0.0287,0.0061,1985.0,11.0,-0.004,1985-11-29
"714",1985-12-01,0.0388,-0.0049,-0.0153,0.0065,1985.0,12.0,-0.0013,1985-12-31
"715",1986-01-01,0.0065,0.0122,0.0053,0.0056,1986.0,1.0,0.0296,1986-01-31
"716",1986-02-01,0.0713,-0.0065,-0.0094,0.0053,1986.0,2.0,0.0278,1986-02-28
"717",1986-03-01,0.0488,-0.0052,-0.0044,0.006,1986.0,3.0,0.0245,1986-03-31
"718",1986-04-01,-0.0131,0.0284,-0.0285,0.0052,1986.0,4.0,-0.005,1986-04-30
"719",1986-05-01,0.0462,-0.0132,-0.0011,0.0049,1986.0,5.0,0.0202,1986-05-30
"720",1986-06-01,0.0103,-0.0091,0.014,0.0052,1986.0,6.0,0.0516,1986-06-30
"721",1986-07-01,-0.0645,-0.0338,0.0478,0.0052,1986.0,7.0,0.018,1986-07-31
"722",1986-08-01,0.0607,-0.0417,0.0352,0.0046,1986.0,8.0,-0.0501,1986-08-29
"723",1986-09-01,-0.086,0.0228,0.0319,0.0045,1986.0,9.0,-0.0586,1986-09-30
"724",1986-10-01,0.0466,-0.0248,-0.0132,0.0046,1986.0,10.0,0.0269,1986-10-31
"725",1986-11-01,0.0117,-0.0192,-0.0006,0.0039,1986.0,11.0,-0.0032,1986-11-28
"726",1986-12-01,-0.0327,0.0008,0.0037,0.0049,1986.0,12.0,0.004,1986-12-31
"727",1987-01-01,0.1247,-0.0181,-0.0318,0.0042,1987.0,1.0,0.021,1987-01-30
"728",1987-02-01,0.0439,0.0349,-0.0599,0.0043,1987.0,2.0,-0.0217,1987-02-27
"729",1987-03-01,0.0164,0.0037,0.0166,0.0047,1987.0,3.0,0.016,1987-03-31
"730",1987-04-01,-0.0211,-0.0169,-0.0033,0.0044,1987.0,4.0,0.0026,1987-04-30
"731",1987-05-01,0.0011,-0.0053,0.0013,0.0038,1987.0,5.0,-0.0068,1987-05-29
"732",1987-06-01,0.0394,-0.0218,0.0107,0.0048,1987.0,6.0,-0.002,1987-06-30
"733",1987-07-01,0.0385,-0.0067,0.0066,0.0046,1987.0,7.0,0.0267,1987-07-31
"734",1987-08-01,0.0352,-0.0072,-0.009,0.0047,1987.0,8.0,-0.0087,1987-08-31
"735",1987-09-01,-0.0259,0.0052,0.0028,0.0045,1987.0,9.0,0.0071,1987-09-30
"736",1987-10-01,-0.2324,-0.0843,0.0423,0.006,1987.0,10.0,-0.0786,1987-10-30
"737",1987-11-01,-0.0777,0.0277,0.0314,0.0035,1987.0,11.0,-0.0115,1987-11-30
"738",1987-12-01,0.0681,0.0013,-0.0449,0.0039,1987.0,12.0,0.0583,1987-12-31
"739",1988-01-01,0.0421,-0.0077,0.0508,0.0029,1988.0,1.0,-0.0758,1988-01-29
"740",1988-02-01,0.0475,0.0336,-0.0165,0.0046,1988.0,2.0,-0.0154,1988-02-29
"741",1988-03-01,-0.0227,0.0616,0.0074,0.0044,1988.0,3.0,0.0063,1988-03-31
"742",1988-04-01,0.0056,0.0096,0.0169,0.0046,1988.0,4.0,0.0225,1988-04-29
"743",1988-05-01,-0.0029,-0.0264,0.023,0.0051,1988.0,5.0,0.0064,1988-05-31
"744",1988-06-01,0.0479,0.0216,-0.0107,0.0049,1988.0,6.0,-0.0291,1988-06-30
"745",1988-07-01,-0.0125,-0.0021,0.0227,0.0051,1988.0,7.0,0.0063,1988-07-29
"746",1988-08-01,-0.0331,0.0004,0.0203,0.0059,1988.0,8.0,0.0033,1988-08-31
"747",1988-09-01,0.033,-0.0125,-0.0068,0.0062,1988.0,9.0,0.0024,1988-09-30
"748",1988-10-01,0.0115,-0.029,0.0171,0.0061,1988.0,10.0,0.0131,1988-10-31
"749",1988-11-01,-0.0229,-0.0174,0.0124,0.0057,1988.0,11.0,0.0042,1988-11-30
"750",1988-12-01,0.0149,0.0195,-0.0155,0.0063,1988.0,12.0,0.0042,1988-12-30
"751",1989-01-01,0.061,-0.0214,0.0051,0.0055,1989.0,1.0,-0.0014,1989-01-31
"752",1989-02-01,-0.0225,0.0276,0.0087,0.0061,1989.0,2.0,0.0094,1989-02-28
"753",1989-03-01,0.0157,0.0074,0.0046,0.0067,1989.0,3.0,0.0355,1989-03-31
"754",1989-04-01,0.0433,-0.0059,-0.0145,0.0067,1989.0,4.0,0.0169,1989-04-28
"755",1989-05-01,0.0335,-0.0004,-0.0082,0.0079,1989.0,5.0,0.0156,1989-05-31
"756",1989-06-01,-0.0135,-0.0101,0.0219,0.0071,1989.0,6.0,0.0063,1989-06-30
"757",1989-07-01,0.072,-0.0402,-0.0284,0.007,1989.0,7.0,0.0544,1989-07-31
"758",1989-08-01,0.0144,0.005,0.0072,0.0074,1989.0,8.0,-0.0014,1989-08-31
"759",1989-09-01,-0.0076,0.0028,-0.0134,0.0065,1989.0,9.0,0.034,1989-09-29
"760",1989-10-01,-0.0367,-0.033,-0.0103,0.0068,1989.0,10.0,0.0137,1989-10-31
"761",1989-11-01,0.0103,-0.0124,-0.0112,0.0069,1989.0,11.0,0.0258,1989-11-30
"762",1989-12-01,0.0116,-0.0241,0.0028,0.0061,1989.0,12.0,0.0281,1989-12-29
"763",1990-01-01,-0.0785,-0.0129,0.0087,0.0057,1990.0,1.0,-0.0328,1990-01-31
"764",1990-02-01,0.0111,0.0103,0.0061,0.0057,1990.0,2.0,-0.0053,1990-02-28
"765",1990-03-01,0.0183,0.0152,-0.029,0.0064,1990.0,3.0,0.0165,1990-03-30
"766",1990-04-01,-0.0336,-0.005,-0.0255,0.0069,1990.0,4.0,0.024,1990-04-30
"767",1990-05-01,0.0842,-0.0257,-0.0374,0.0068,1990.0,5.0,0.0305,1990-05-31
"768",1990-06-01,-0.0109,0.0143,-0.0194,0.0063,1990.0,6.0,0.0243,1990-06-29
"769",1990-07-01,-0.019,-0.0321,-0.0001,0.0068,1990.0,7.0,0.0594,1990-07-31
"770",1990-08-01,-0.1015,-0.0358,0.0158,0.0066,1990.0,8.0,0.0178,1990-08-31
"771",1990-09-01,-0.0612,-0.0367,0.0073,0.006,1990.0,9.0,0.0553,1990-09-28
"772",1990-10-01,-0.0192,-0.055,0.0022,0.0068,1990.0,10.0,0.0673,1990-10-31
"773",1990-11-01,0.0635,0.0033,-0.0316,0.0057,1990.0,11.0,-0.0562,1990-11-30
"774",1990-12-01,0.0246,0.0079,-0.0154,0.006,1990.0,12.0,0.0016,1990-12-31
"775",1991-01-01,0.0469,0.0379,-0.0184,0.0052,1991.0,1.0,-0.0653,1991-01-31
"776",1991-02-01,0.0719,0.0396,-0.0054,0.0048,1991.0,2.0,-0.0473,1991-02-28
"777",1991-03-01,0.0265,0.0389,-0.0123,0.0044,1991.0,3.0,0.0283,1991-03-28
"778",1991-04-01,-0.0028,0.005,0.0142,0.0053,1991.0,4.0,-0.024,1991-04-30
"779",1991-05-01,0.0365,-0.0034,-0.0057,0.0047,1991.0,5.0,-0.001,1991-05-31
"780",1991-06-01,-0.0494,0.0007,0.0121,0.0042,1991.0,6.0,0.0046,1991-06-28
"781",1991-07-01,0.0424,-0.0093,-0.0125,0.0049,1991.0,7.0,0.0431,1991-07-31
"782",1991-08-01,0.0232,0.0159,-0.0078,0.0046,1991.0,8.0,0.0163,1991-08-30
"783",1991-09-01,-0.0159,0.0163,-0.01,0.0046,1991.0,9.0,0.0173,1991-09-30
"784",1991-10-01,0.0129,0.009,-0.0043,0.0042,1991.0,10.0,0.0323,1991-10-31
"785",1991-11-01,-0.0419,-0.0048,-0.0193,0.0039,1991.0,11.0,0.0126,1991-11-29
"786",1991-12-01,0.1084,-0.0224,-0.0403,0.0038,1991.0,12.0,0.083,1991-12-31
"787",1992-01-01,-0.0059,0.0847,0.0451,0.0034,1992.0,1.0,-0.0251,1992-01-31
"788",1992-02-01,0.0109,0.0088,0.0637,0.0028,1992.0,2.0,-0.0058,1992-02-28
"789",1992-03-01,-0.0266,-0.0103,0.0365,0.0034,1992.0,3.0,-0.0036,1992-03-31
"790",1992-04-01,0.0107,-0.0612,0.0431,0.0032,1992.0,4.0,-0.026,1992-04-30
"791",1992-05-01,0.003,0.0039,0.0128,0.0028,1992.0,5.0,0.0013,1992-05-29
"792",1992-06-01,-0.0234,-0.0309,0.034,0.0032,1992.0,6.0,-0.0061,1992-06-30
"793",1992-07-01,0.0377,-0.0044,-0.0053,0.0031,1992.0,7.0,0.0144,1992-07-31
"794",1992-08-01,-0.0238,-0.0012,-0.0103,0.0026,1992.0,8.0,-0.0051,1992-08-31
"795",1992-09-01,0.0119,0.0056,-0.0021,0.0026,1992.0,9.0,0.0143,1992-09-30
"796",1992-10-01,0.0102,0.0205,-0.021,0.0023,1992.0,10.0,0.0271,1992-10-30
"797",1992-11-01,0.0413,0.037,-0.0148,0.0023,1992.0,11.0,-0.0034,1992-11-30
"798",1992-12-01,0.0153,0.0164,0.0252,0.0028,1992.0,12.0,0.0444,1992-12-31
"799",1993-01-01,0.0093,0.0203,0.0587,0.0023,1993.0,1.0,0.0483,1993-01-29
"800",1993-02-01,0.0012,-0.0343,0.0642,0.0022,1993.0,2.0,0.031,1993-02-26
"801",1993-03-01,0.023,0.0023,0.0122,0.0025,1993.0,3.0,0.0374,1993-03-31
"802",1993-04-01,-0.0305,-0.007,0.0261,0.0024,1993.0,4.0,0.0033,1993-04-30
"803",1993-05-01,0.0289,0.0196,-0.0341,0.0022,1993.0,5.0,0.003,1993-05-28
"804",1993-06-01,0.0031,-0.0031,0.0262,0.0025,1993.0,6.0,0.0457,1993-06-30
"805",1993-07-01,-0.0034,0.0093,0.0325,0.0024,1993.0,7.0,0.0325,1993-07-30
"806",1993-08-01,0.0371,0.0031,-0.0045,0.0025,1993.0,8.0,0.0258,1993-08-31
"807",1993-09-01,-0.0012,0.0311,-0.0044,0.0026,1993.0,9.0,0.0341,1993-09-30
"808",1993-10-01,0.0141,0.0146,-0.0154,0.0022,1993.0,10.0,-0.0267,1993-10-29
"809",1993-11-01,-0.0189,-0.0142,-0.0027,0.0025,1993.0,11.0,-0.0471,1993-11-30
"810",1993-12-01,0.0165,0.0123,0.0056,0.0023,1993.0,12.0,0.0228,1993-12-31
"811",1994-01-01,0.0287,0.0014,0.021,0.0025,1994.0,1.0,0.0002,1994-01-31
"812",1994-02-01,-0.0255,0.0274,-0.0146,0.0021,1994.0,2.0,-0.0029,1994-02-28
"813",1994-03-01,-0.0478,-0.0098,0.0129,0.0027,1994.0,3.0,-0.0133,1994-03-31
"814",1994-04-01,0.0068,-0.0092,0.0167,0.0027,1994.0,4.0,0.0041,1994-04-29
"815",1994-05-01,0.0058,-0.0201,0.002,0.0031,1994.0,5.0,-0.0215,1994-05-31
"816",1994-06-01,-0.0303,-0.0045,0.0169,0.0031,1994.0,6.0,-0.0082,1994-06-30
"817",1994-07-01,0.0282,-0.0172,0.0062,0.0028,1994.0,7.0,0.0019,1994-07-29
"818",1994-08-01,0.0401,0.0134,-0.028,0.0037,1994.0,8.0,0.0156,1994-08-31
"819",1994-09-01,-0.0231,0.0283,-0.0191,0.0037,1994.0,9.0,0.0133,1994-09-30
"820",1994-10-01,0.0134,-0.0235,-0.0174,0.0038,1994.0,10.0,0.0143,1994-10-31
"821",1994-11-01,-0.0404,0.0026,-0.0094,0.0037,1994.0,11.0,-0.002,1994-11-30
"822",1994-12-01,0.0086,0.0004,0.0054,0.0044,1994.0,12.0,0.035,1994-12-30
"823",1995-01-01,0.018,-0.0264,0.0081,0.0042,1995.0,1.0,-0.0182,1995-01-31
"824",1995-02-01,0.0363,-0.0067,0.0109,0.004,1995.0,2.0,-0.0036,1995-02-28
"825",1995-03-01,0.0219,-0.0069,-0.0109,0.0046,1995.0,3.0,0.0039,1995-03-31
"826",1995-04-01,0.0211,-0.0063,0.0227,0.0044,1995.0,4.0,0.018,1995-04-28
"827",1995-05-01,0.029,-0.0221,0.0172,0.0054,1995.0,5.0,-0.0044,1995-05-31
"828",1995-06-01,0.0272,0.0293,-0.0228,0.0047,1995.0,6.0,0.029,1995-06-30
"829",1995-07-01,0.0372,0.0209,-0.0167,0.0045,1995.0,7.0,0.0253,1995-07-31
"830",1995-08-01,0.0055,0.0159,0.0271,0.0047,1995.0,8.0,0.0009,1995-08-31
"831",1995-09-01,0.0335,-0.0211,-0.0075,0.0043,1995.0,9.0,0.0271,1995-09-29
"832",1995-10-01,-0.0152,-0.0375,-0.0073,0.0047,1995.0,10.0,0.0411,1995-10-31
"833",1995-11-01,0.0396,-0.0116,0.0094,0.0042,1995.0,11.0,-0.0065,1995-11-30
"834",1995-12-01,0.0103,0.0058,0.0087,0.0049,1995.0,12.0,0.0254,1995-12-29
"835",1996-01-01,0.0226,-0.0262,0.0031,0.0043,1996.0,1.0,0.0057,1996-01-31
"836",1996-02-01,0.0133,0.0189,-0.0142,0.0039,1996.0,2.0,0.0057,1996-02-29
"837",1996-03-01,0.0073,0.0131,0.0101,0.0039,1996.0,3.0,-0.0188,1996-03-29
"838",1996-04-01,0.0206,0.0491,-0.0391,0.0046,1996.0,4.0,-0.0091,1996-04-30
"839",1996-05-01,0.0236,0.0305,-0.012,0.0042,1996.0,5.0,0.0155,1996-05-31
"840",1996-06-01,-0.0114,-0.0358,0.0156,0.004,1996.0,6.0,0.0101,1996-06-28
"841",1996-07-01,-0.0597,-0.0383,0.0445,0.0045,1996.0,7.0,-0.0011,1996-07-31
"842",1996-08-01,0.0277,0.023,-0.0046,0.0041,1996.0,8.0,-0.0005,1996-08-30
"843",1996-09-01,0.0501,-0.0088,-0.0315,0.0044,1996.0,9.0,0.027,1996-09-30
"844",1996-10-01,0.0086,-0.0444,0.0513,0.0042,1996.0,10.0,0.0391,1996-10-31
"845",1996-11-01,0.0625,-0.0389,0.0117,0.0041,1996.0,11.0,-0.0223,1996-11-29
"846",1996-12-01,-0.017,0.0319,0.0088,0.0046,1996.0,12.0,0.0061,1996-12-31
"847",1997-01-01,0.0498,-0.0184,-0.0164,0.0045,1997.0,1.0,0.0195,1997-01-31
"848",1997-02-01,-0.0049,-0.0291,0.052,0.0039,1997.0,2.0,-0.0206,1997-02-28
"849",1997-03-01,-0.0502,-0.0038,0.0381,0.0043,1997.0,3.0,0.0097,1997-03-31
"850",1997-04-01,0.0404,-0.0565,-0.0006,0.0043,1997.0,4.0,0.0492,1997-04-30
"851",1997-05-01,0.0674,0.049,-0.0389,0.0049,1997.0,5.0,-0.0516,1997-05-30
"852",1997-06-01,0.041,0.0132,0.0123,0.0037,1997.0,6.0,0.0262,1997-06-30
"853",1997-07-01,0.0733,-0.028,0.0082,0.0043,1997.0,7.0,0.0381,1997-07-31
"854",1997-08-01,-0.0415,0.0731,0.0138,0.0041,1997.0,8.0,-0.0255,1997-08-29
"855",1997-09-01,0.0535,0.0261,0.0001,0.0044,1997.0,9.0,0.0145,1997-09-30
"856",1997-10-01,-0.038,-0.0068,0.0195,0.0042,1997.0,10.0,-0.0039,1997-10-31
"857",1997-11-01,0.0298,-0.0495,0.0078,0.0039,1997.0,11.0,0.0029,1997-11-28
"858",1997-12-01,0.0132,-0.0235,0.0345,0.0048,1997.0,12.0,0.0395,1997-12-31
"859",1998-01-01,0.0015,-0.0116,-0.0145,0.0043,1998.0,1.0,0.0011,1998-01-30
"860",1998-02-01,0.0704,0.0001,-0.0013,0.0039,1998.0,2.0,-0.0114,1998-02-27
"861",1998-03-01,0.0476,-0.0093,0.0105,0.0039,1998.0,3.0,0.0215,1998-03-31
"862",1998-04-01,0.0073,0.0021,0.0073,0.0043,1998.0,4.0,0.0078,1998-04-30
"863",1998-05-01,-0.0307,-0.0375,0.0416,0.004,1998.0,5.0,0.0188,1998-05-29
"864",1998-06-01,0.0318,-0.0316,-0.0233,0.0041,1998.0,6.0,0.0726,1998-06-30
"865",1998-07-01,-0.0246,-0.0512,-0.0096,0.004,1998.0,7.0,0.0368,1998-07-31
"866",1998-08-01,-0.1608,-0.0531,0.034,0.0043,1998.0,8.0,0.0188,1998-08-31
"867",1998-09-01,0.0615,-0.0014,-0.0331,0.0046,1998.0,9.0,-0.0071,1998-09-30
"868",1998-10-01,0.0713,-0.0329,-0.0221,0.0032,1998.0,10.0,-0.0536,1998-10-30
"869",1998-11-01,0.061,0.0107,-0.0315,0.0031,1998.0,11.0,0.0116,1998-11-30
"870",1998-12-01,0.0616,-0.0035,-0.0446,0.0038,1998.0,12.0,0.0899,1998-12-31
"871",1999-01-01,0.035,0.0037,-0.0403,0.0035,1999.0,1.0,0.0305,1999-01-29
"872",1999-02-01,-0.0408,-0.0567,0.014,0.0035,1999.0,2.0,-0.0015,1999-02-26
"873",1999-03-01,0.0345,-0.0392,-0.0265,0.0043,1999.0,3.0,-0.0129,1999-03-31
"874",1999-04-01,0.0433,0.04,0.0253,0.0037,1999.0,4.0,-0.0906,1999-04-30
"875",1999-05-01,-0.0246,0.0342,0.024,0.0034,1999.0,5.0,-0.0528,1999-05-28
"876",1999-06-01,0.0477,0.0305,-0.036,0.004,1999.0,6.0,0.0488,1999-06-30
"877",1999-07-01,-0.0349,0.0267,-0.0076,0.0038,1999.0,7.0,0.015,1999-07-30
"878",1999-08-01,-0.0138,-0.0127,-0.0131,0.0039,1999.0,8.0,0.0292,1999-08-31
"879",1999-09-01,-0.0279,0.0334,-0.0339,0.0039,1999.0,9.0,0.0645,1999-09-30
"880",1999-10-01,0.0612,-0.0695,-0.0289,0.0039,1999.0,10.0,0.0548,1999-10-29
"881",1999-11-01,0.0337,0.0737,-0.0651,0.0036,1999.0,11.0,0.0561,1999-11-30
"882",1999-12-01,0.0772,0.0712,-0.0873,0.0044,1999.0,12.0,0.1319,1999-12-31
"883",2000-01-01,-0.0474,0.0495,-0.0028,0.0041,2000.0,1.0,0.0186,2000-01-31
"884",2000-02-01,0.0245,0.217,-0.0993,0.0043,2000.0,2.0,0.1836,2000-02-29
"885",2000-03-01,0.052,-0.1687,0.0737,0.0047,2000.0,3.0,-0.0639,2000-03-31
"886",2000-04-01,-0.064,-0.0772,0.0861,0.0046,2000.0,4.0,-0.0858,2000-04-28
"887",2000-05-01,-0.0442,-0.0511,0.0257,0.005,2000.0,5.0,-0.0908,2000-05-31
"888",2000-06-01,0.0464,0.1385,-0.0986,0.004,2000.0,6.0,0.1659,2000-06-30
"889",2000-07-01,-0.0251,-0.0276,0.0806,0.0048,2000.0,7.0,-0.0011,2000-07-31
"890",2000-08-01,0.0703,-0.0115,-0.0066,0.005,2000.0,8.0,0.057,2000-08-31
"891",2000-09-01,-0.0545,-0.0132,0.0613,0.0051,2000.0,9.0,0.0219,2000-09-29
"892",2000-10-01,-0.0276,-0.0381,0.0564,0.0056,2000.0,10.0,-0.0463,2000-10-31
"893",2000-11-01,-0.1072,-0.0277,0.1126,0.0051,2000.0,11.0,-0.024,2000-11-30
"894",2000-12-01,0.0119,0.0096,0.0738,0.005,2000.0,12.0,0.067,2000-12-29
"895",2001-01-01,0.0313,0.0654,-0.0486,0.0054,2001.0,1.0,-0.2505,2001-01-31
"896",2001-02-01,-0.1005,-0.0072,0.1287,0.0038,2001.0,2.0,0.1251,2001-02-28
"897",2001-03-01,-0.0726,0.0035,0.0646,0.0042,2001.0,3.0,0.0835,2001-03-30
"898",2001-04-01,0.0794,0.0054,-0.0472,0.0039,2001.0,4.0,-0.0797,2001-04-30
"899",2001-05-01,0.0072,0.0258,0.0317,0.0032,2001.0,5.0,0.0212,2001-05-31
"900",2001-06-01,-0.0194,0.0603,-0.0103,0.0028,2001.0,6.0,0.0034,2001-06-29
"901",2001-07-01,-0.0213,-0.0435,0.0557,0.003,2001.0,7.0,0.0547,2001-07-31
"902",2001-08-01,-0.0646,0.025,0.025,0.0031,2001.0,8.0,0.0554,2001-08-31
"903",2001-09-01,-0.0925,-0.0612,0.016,0.0028,2001.0,9.0,0.1154,2001-09-28
"904",2001-10-01,0.0246,0.0763,-0.081,0.0022,2001.0,10.0,-0.0841,2001-10-31
"905",2001-11-01,0.0754,-0.0041,0.0201,0.0017,2001.0,11.0,-0.0858,2001-11-30
"906",2001-12-01,0.0161,0.0457,0.011,0.0015,2001.0,12.0,-0.0002,2001-12-31
"907",2002-01-01,-0.0144,0.0119,0.0333,0.0014,2002.0,1.0,0.0368,2002-01-31
"908",2002-02-01,-0.0229,-0.011,0.025,0.0013,2002.0,2.0,0.0676,2002-02-28
"909",2002-03-01,0.0424,0.0423,0.011,0.0013,2002.0,3.0,-0.0167,2002-03-28
"910",2002-04-01,-0.052,0.0594,0.0393,0.0015,2002.0,4.0,0.0796,2002-04-30
"911",2002-05-01,-0.0138,-0.0321,0.0168,0.0014,2002.0,5.0,0.0297,2002-05-31
"912",2002-06-01,-0.0721,0.0427,0.0012,0.0013,2002.0,6.0,0.0615,2002-06-28
"913",2002-07-01,-0.0818,-0.053,-0.0344,0.0015,2002.0,7.0,0.0334,2002-07-31
"914",2002-08-01,0.005,-0.0244,0.0253,0.0014,2002.0,8.0,0.0176,2002-08-30
"915",2002-09-01,-0.1035,0.0257,0.0132,0.0014,2002.0,9.0,0.0909,2002-09-30
"916",2002-10-01,0.0784,-0.029,-0.0545,0.0014,2002.0,10.0,-0.0529,2002-10-31
"917",2002-11-01,0.0596,0.0284,-0.0112,0.0012,2002.0,11.0,-0.1617,2002-11-29
"918",2002-12-01,-0.0576,0.0001,0.0223,0.0011,2002.0,12.0,0.0964,2002-12-31
"919",2003-01-01,-0.0257,0.0138,-0.0094,0.001,2003.0,1.0,0.0161,2003-01-31
"920",2003-02-01,-0.0188,-0.0034,-0.0145,0.0009,2003.0,2.0,0.0125,2003-02-28
"921",2003-03-01,0.0109,0.0089,-0.0207,0.001,2003.0,3.0,0.0162,2003-03-31
"922",2003-04-01,0.0822,0.0056,0.0103,0.001,2003.0,4.0,-0.0946,2003-04-30
"923",2003-05-01,0.0605,0.0469,-0.0029,0.0009,2003.0,5.0,-0.1077,2003-05-30
"924",2003-06-01,0.0142,0.0167,0.0069,0.001,2003.0,6.0,-0.0106,2003-06-30
"925",2003-07-01,0.0235,0.0524,-0.0114,0.0007,2003.0,7.0,-0.0031,2003-07-31
"926",2003-08-01,0.0234,0.026,0.0203,0.0007,2003.0,8.0,-0.0056,2003-08-29
"927",2003-09-01,-0.0124,0.008,0.0001,0.0008,2003.0,9.0,-0.0019,2003-09-30
"928",2003-10-01,0.0608,0.0268,0.0177,0.0007,2003.0,10.0,0.0373,2003-10-31
"929",2003-11-01,0.0135,0.0202,0.0185,0.0007,2003.0,11.0,0.0162,2003-11-28
"930",2003-12-01,0.0429,-0.03,0.0241,0.0008,2003.0,12.0,-0.0571,2003-12-31
"931",2004-01-01,0.0215,0.028,0.0197,0.0007,2004.0,1.0,0.026,2004-01-30
"932",2004-02-01,0.014,-0.0143,0.005,0.0006,2004.0,2.0,-0.011,2004-02-27
"933",2004-03-01,-0.0132,0.0175,0.0022,0.0009,2004.0,3.0,0.0021,2004-03-31
"934",2004-04-01,-0.0183,-0.0206,-0.0262,0.0008,2004.0,4.0,-0.0539,2004-04-30
"935",2004-05-01,0.0117,-0.0021,-0.0039,0.0006,2004.0,5.0,0.016,2004-05-28
"936",2004-06-01,0.0186,0.0226,0.0139,0.0008,2004.0,6.0,0.021,2004-06-30
"937",2004-07-01,-0.0406,-0.0381,0.0411,0.001,2004.0,7.0,-0.0229,2004-07-30
"938",2004-08-01,0.0008,-0.0162,0.0103,0.0011,2004.0,8.0,-0.0155,2004-08-31
"939",2004-09-01,0.016,0.0303,-0.0025,0.0011,2004.0,9.0,0.0524,2004-09-30
"940",2004-10-01,0.0143,0.0031,-0.0063,0.0011,2004.0,10.0,-0.0152,2004-10-29
"941",2004-11-01,0.0454,0.039,0.0179,0.0015,2004.0,11.0,0.0323,2004-11-30
"942",2004-12-01,0.0343,0.0011,-0.0008,0.0016,2004.0,12.0,-0.0284,2004-12-31
"943",2005-01-01,-0.0276,-0.0151,0.0196,0.0016,2005.0,1.0,0.032,2005-01-31
"944",2005-02-01,0.0189,-0.005,0.0165,0.0016,2005.0,2.0,0.0317,2005-02-28
"945",2005-03-01,-0.0197,-0.0137,0.0161,0.0021,2005.0,3.0,0.0055,2005-03-31
"946",2005-04-01,-0.0261,-0.0398,-0.0035,0.0021,2005.0,4.0,-0.0086,2005-04-29
"947",2005-05-01,0.0365,0.0288,-0.0081,0.0024,2005.0,5.0,0.0044,2005-05-31
"948",2005-06-01,0.0057,0.0262,0.0263,0.0023,2005.0,6.0,0.0205,2005-06-30
"949",2005-07-01,0.0392,0.0293,-0.0052,0.0024,2005.0,7.0,0.0,2005-07-29
"950",2005-08-01,-0.0122,-0.0092,0.0127,0.003,2005.0,8.0,0.0227,2005-08-31
"951",2005-09-01,0.0049,-0.0058,0.0077,0.0029,2005.0,9.0,0.0345,2005-09-30
"952",2005-10-01,-0.0202,-0.0121,0.0022,0.0027,2005.0,10.0,-0.0129,2005-10-31
"953",2005-11-01,0.0361,0.009,-0.0119,0.0031,2005.0,11.0,0.0025,2005-11-30
"954",2005-12-01,-0.0025,-0.0046,0.0044,0.0032,2005.0,12.0,0.0077,2005-12-30
"955",2006-01-01,0.0304,0.0542,0.0113,0.0035,2006.0,1.0,0.0268,2006-01-31
"956",2006-02-01,-0.003,-0.0037,-0.0025,0.0034,2006.0,2.0,-0.0184,2006-02-28
"957",2006-03-01,0.0146,0.0354,0.006,0.0037,2006.0,3.0,0.0126,2006-03-31
"958",2006-04-01,0.0073,-0.0134,0.0261,0.0036,2006.0,4.0,0.0061,2006-04-28
"959",2006-05-01,-0.0357,-0.0305,0.0254,0.0043,2006.0,5.0,-0.0365,2006-05-31
"960",2006-06-01,-0.0035,-0.0035,0.0087,0.004,2006.0,6.0,0.0148,2006-06-30
"961",2006-07-01,-0.0078,-0.0407,0.0294,0.004,2006.0,7.0,-0.0222,2006-07-31
"962",2006-08-01,0.0203,0.0091,-0.0171,0.0042,2006.0,8.0,-0.0346,2006-08-31
"963",2006-09-01,0.0184,-0.0137,0.0004,0.0041,2006.0,9.0,-0.0095,2006-09-29
"964",2006-10-01,0.0323,0.0173,-0.0003,0.0041,2006.0,10.0,-0.0023,2006-10-31
"965",2006-11-01,0.0171,0.0086,0.0008,0.0042,2006.0,11.0,-0.0101,2006-11-30
"966",2006-12-01,0.0087,-0.011,0.0316,0.004,2006.0,12.0,0.0084,2006-12-29
"967",2007-01-01,0.014,0.001,-0.0011,0.0044,2007.0,1.0,0.0021,2007-01-31
"968",2007-02-01,-0.0196,0.0132,-0.001,0.0038,2007.0,2.0,-0.0135,2007-02-28
"969",2007-03-01,0.0068,-0.0005,-0.0022,0.0043,2007.0,3.0,0.0249,2007-03-30
"970",2007-04-01,0.0349,-0.0206,-0.0115,0.0044,2007.0,4.0,-0.0016,2007-04-30
"971",2007-05-01,0.0324,0.0002,-0.0004,0.0041,2007.0,5.0,-0.0027,2007-05-31
"972",2007-06-01,-0.0196,0.0077,-0.0112,0.004,2007.0,6.0,0.0038,2007-06-29
"973",2007-07-01,-0.0373,-0.0251,-0.0333,0.004,2007.0,7.0,0.028,2007-07-31
"974",2007-08-01,0.0092,-0.0013,-0.0224,0.0042,2007.0,8.0,0.0011,2007-08-31
"975",2007-09-01,0.0322,-0.0229,-0.0186,0.0032,2007.0,9.0,0.0459,2007-09-28
"976",2007-10-01,0.018,0.0022,-0.026,0.0032,2007.0,10.0,0.0496,2007-10-31
"977",2007-11-01,-0.0483,-0.0262,-0.0118,0.0034,2007.0,11.0,0.0093,2007-11-30
"978",2007-12-01,-0.0087,0.002,-0.0051,0.0027,2007.0,12.0,0.0652,2007-12-31
"979",2008-01-01,-0.0636,-0.009,0.0365,0.0021,2008.0,1.0,-0.0789,2008-01-31
"980",2008-02-01,-0.0309,-0.0024,-0.0094,0.0013,2008.0,2.0,0.0611,2008-02-29
"981",2008-03-01,-0.0093,0.0095,-0.0014,0.0017,2008.0,3.0,0.041,2008-03-31
"982",2008-04-01,0.046,-0.0164,-0.0095,0.0018,2008.0,4.0,-0.002,2008-04-30
"983",2008-05-01,0.0186,0.0322,-0.0138,0.0018,2008.0,5.0,0.0321,2008-05-30
"984",2008-06-01,-0.0844,0.0128,-0.0242,0.0017,2008.0,6.0,0.1253,2008-06-30
"985",2008-07-01,-0.0077,0.0245,0.0588,0.0015,2008.0,7.0,-0.0514,2008-07-31
"986",2008-08-01,0.0153,0.0361,0.0152,0.0013,2008.0,8.0,-0.0404,2008-08-29
"987",2008-09-01,-0.0924,-0.0116,0.0633,0.0015,2008.0,9.0,0.0035,2008-09-30
"988",2008-10-01,-0.1723,-0.0232,-0.0289,0.0008,2008.0,10.0,0.0779,2008-10-31
"989",2008-11-01,-0.0786,-0.0296,-0.0602,0.0003,2008.0,11.0,0.071,2008-11-28
"990",2008-12-01,0.0174,0.0361,-0.0025,0.0,2008.0,12.0,-0.0508,2008-12-31
"991",2009-01-01,-0.0812,0.0008,-0.1118,0.0,2009.0,1.0,-0.0184,2009-01-30
"992",2009-02-01,-0.101,0.0022,-0.0727,0.0001,2009.0,2.0,0.0416,2009-02-27
"993",2009-03-01,0.0895,-0.0008,0.0356,0.0002,2009.0,3.0,-0.1138,2009-03-31
"994",2009-04-01,0.1019,0.0477,0.0553,0.0001,2009.0,4.0,-0.3439,2009-04-30
"995",2009-05-01,0.0521,-0.0234,-0.0023,0.0,2009.0,5.0,-0.1244,2009-05-29
"996",2009-06-01,0.0043,0.0262,-0.0272,0.0001,2009.0,6.0,0.0529,2009-06-30
"997",2009-07-01,0.0772,0.0207,0.0528,0.0001,2009.0,7.0,-0.0536,2009-07-31
"998",2009-08-01,0.0333,-0.009,0.0775,0.0001,2009.0,8.0,-0.0884,2009-08-31
"999",2009-09-01,0.0408,0.0246,0.0093,0.0001,2009.0,9.0,-0.0493,2009-09-30
"1000",2009-10-01,-0.0259,-0.0423,-0.0418,0.0,2009.0,10.0,0.0266,2009-10-30
"1001",2009-11-01,0.0556,-0.025,-0.0017,0.0,2009.0,11.0,0.0029,2009-11-30
"1002",2009-12-01,0.0275,0.061,0.0,0.0001,2009.0,12.0,0.0291,2009-12-31
"1003",2010-01-01,-0.0336,0.0038,0.003,0.0,2010.0,1.0,-0.0538,2010-01-29
"1004",2010-02-01,0.034,0.0121,0.0316,0.0,2010.0,2.0,0.036,2010-02-26
"1005",2010-03-01,0.0631,0.0143,0.0211,0.0001,2010.0,3.0,0.0366,2010-03-31
"1006",2010-04-01,0.02,0.0497,0.0281,0.0001,2010.0,4.0,0.0322,2010-04-30
"1007",2010-05-01,-0.0789,0.0005,-0.0238,0.0001,2010.0,5.0,-0.0013,2010-05-28
"1008",2010-06-01,-0.0556,-0.0197,-0.045,0.0001,2010.0,6.0,-0.03,2010-06-30
"1009",2010-07-01,0.0693,0.0017,-0.0026,0.0001,2010.0,7.0,0.0188,2010-07-30
"1010",2010-08-01,-0.0477,-0.03,-0.0195,0.0001,2010.0,8.0,-0.0019,2010-08-31
"1011",2010-09-01,0.0954,0.0392,-0.0313,0.0001,2010.0,9.0,0.0135,2010-09-30
"1012",2010-10-01,0.0388,0.0113,-0.026,0.0001,2010.0,10.0,0.0164,2010-10-29
"1013",2010-11-01,0.006,0.037,-0.009,0.0001,2010.0,11.0,0.0254,2010-11-30
"1014",2010-12-01,0.0682,0.0069,0.0382,0.0001,2010.0,12.0,-0.0319,2010-12-31
"1015",2011-01-01,0.0199,-0.0247,0.0082,0.0001,2011.0,1.0,-0.0032,2011-01-31
"1016",2011-02-01,0.0349,0.0153,0.011,0.0001,2011.0,2.0,0.0203,2011-02-28
"1017",2011-03-01,0.0045,0.026,-0.0158,0.0001,2011.0,3.0,0.0351,2011-03-31
"1018",2011-04-01,0.029,-0.0034,-0.0252,0.0,2011.0,4.0,0.0006,2011-04-29
"1019",2011-05-01,-0.0127,-0.007,-0.0208,0.0,2011.0,5.0,-0.0058,2011-05-31
"1020",2011-06-01,-0.0175,-0.0016,-0.0032,0.0,2011.0,6.0,0.0177,2011-06-30
"1021",2011-07-01,-0.0236,-0.0135,-0.0121,0.0,2011.0,7.0,0.0002,2011-07-29
"1022",2011-08-01,-0.0599,-0.0305,-0.0248,0.0001,2011.0,8.0,-0.0033,2011-08-31
"1023",2011-09-01,-0.0759,-0.0353,-0.0141,0.0,2011.0,9.0,-0.0257,2011-09-30
"1024",2011-10-01,0.1135,0.0342,-0.0018,0.0,2011.0,10.0,-0.0142,2011-10-31
"1025",2011-11-01,-0.0028,-0.0017,-0.0034,0.0,2011.0,11.0,0.0398,2011-11-30
"1026",2011-12-01,0.0074,-0.007,0.0177,0.0,2011.0,12.0,0.0195,2011-12-30
"1027",2012-01-01,0.0505,0.0215,-0.0113,0.0,2012.0,1.0,-0.0796,2012-01-31
"1028",2012-02-01,0.0442,-0.0175,0.0008,0.0,2012.0,2.0,-0.0028,2012-02-29
"1029",2012-03-01,0.0311,-0.0062,0.0092,0.0,2012.0,3.0,0.0149,2012-03-30
"1030",2012-04-01,-0.0085,-0.0052,-0.0048,0.0,2012.0,4.0,0.0384,2012-04-30
"1031",2012-05-01,-0.0619,0.0,-0.0059,0.0001,2012.0,5.0,0.0659,2012-05-31
"1032",2012-06-01,0.0389,0.0076,0.0044,0.0,2012.0,6.0,-0.0072,2012-06-29
"1033",2012-07-01,0.0079,-0.0261,-0.0027,0.0,2012.0,7.0,0.0316,2012-07-31
"1034",2012-08-01,0.0255,0.004,0.0131,0.0001,2012.0,8.0,-0.0248,2012-08-31
"1035",2012-09-01,0.0273,0.0049,0.0153,0.0001,2012.0,9.0,-0.0104,2012-09-28
"1036",2012-10-01,-0.0176,-0.0115,0.0379,0.0001,2012.0,10.0,0.001,2012-10-31
"1037",2012-11-01,0.0078,0.0059,-0.0097,0.0001,2012.0,11.0,0.0034,2012-11-30
"1038",2012-12-01,0.0118,0.0148,0.0358,0.0001,2012.0,12.0,-0.0297,2012-12-31
"1039",2013-01-01,0.0557,0.0039,0.0095,0.0,2013.0,1.0,-0.0186,2013-01-31
"1040",2013-02-01,0.0129,-0.0045,0.0003,0.0,2013.0,2.0,0.0132,2013-02-28
"1041",2013-03-01,0.0403,0.0081,-0.003,0.0,2013.0,3.0,0.0197,2013-03-28
"1042",2013-04-01,0.0155,-0.0242,0.0062,0.0,2013.0,4.0,0.0027,2013-04-30
"1043",2013-05-01,0.028,0.0166,0.026,0.0,2013.0,5.0,-0.0178,2013-05-31
"1044",2013-06-01,-0.012,0.0117,-0.0017,0.0,2013.0,6.0,0.0059,2013-06-28
"1045",2013-07-01,0.0565,0.0186,0.0056,0.0,2013.0,7.0,0.0175,2013-07-31
"1046",2013-08-01,-0.0271,0.0031,-0.0278,0.0,2013.0,8.0,0.0005,2013-08-30
"1047",2013-09-01,0.0377,0.0292,-0.0119,0.0,2013.0,9.0,0.0296,2013-09-30
"1048",2013-10-01,0.0418,-0.0151,0.0114,0.0,2013.0,10.0,0.0015,2013-10-31
"1049",2013-11-01,0.0312,0.0122,0.0024,0.0,2013.0,11.0,0.004,2013-11-29
"1050",2013-12-01,0.0281,-0.005,-0.0031,0.0,2013.0,12.0,0.0004,2013-12-31
"1051",2014-01-01,-0.0332,0.0085,-0.0209,0.0,2014.0,1.0,0.017,2014-01-31
"1052",2014-02-01,0.0465,0.0034,-0.004,0.0,2014.0,2.0,0.0207,2014-02-28
"1053",2014-03-01,0.0043,-0.0189,0.0509,0.0,2014.0,3.0,-0.0334,2014-03-31
"1054",2014-04-01,-0.0019,-0.0424,0.0114,0.0,2014.0,4.0,-0.0386,2014-04-30
"1055",2014-05-01,0.0206,-0.0186,-0.0027,0.0,2014.0,5.0,0.0115,2014-05-30
"1056",2014-06-01,0.0261,0.0308,-0.0074,0.0,2014.0,6.0,0.0067,2014-06-30
"1057",2014-07-01,-0.0204,-0.0425,0.0001,0.0,2014.0,7.0,-0.0025,2014-07-31
"1058",2014-08-01,0.0424,0.0036,-0.0059,0.0,2014.0,8.0,0.008,2014-08-29
"1059",2014-09-01,-0.0197,-0.0383,-0.0123,0.0,2014.0,9.0,0.0052,2014-09-30
"1060",2014-10-01,0.0252,0.0421,-0.017,0.0,2014.0,10.0,0.0,2014-10-31
"1061",2014-11-01,0.0255,-0.0209,-0.03,0.0,2014.0,11.0,0.0106,2014-11-28
"1062",2014-12-01,-0.0006,0.0255,0.0206,0.0,2014.0,12.0,0.0109,2014-12-31
"1063",2015-01-01,-0.0311,-0.0056,-0.0348,0.0,2015.0,1.0,0.0384,2015-01-30
"1064",2015-02-01,0.0613,0.0049,-0.0181,0.0,2015.0,2.0,-0.0283,2015-02-27
"1065",2015-03-01,-0.0112,0.0303,-0.0046,0.0,2015.0,3.0,0.0302,2015-03-31
"1066",2015-04-01,0.0059,-0.0298,0.0185,0.0,2015.0,4.0,-0.0739,2015-04-30
"1067",2015-05-01,0.0136,0.0087,-0.0137,0.0,2015.0,5.0,0.0601,2015-05-29
"1068",2015-06-01,-0.0153,0.0283,-0.0079,0.0,2015.0,6.0,0.0303,2015-06-30
"1069",2015-07-01,0.0154,-0.0415,-0.0412,0.0,2015.0,7.0,0.1033,2015-07-31
"1070",2015-08-01,-0.0604,0.0049,0.0266,0.0,2015.0,8.0,-0.0212,2015-08-31
"1071",2015-09-01,-0.0308,-0.0264,0.0053,0.0,2015.0,9.0,0.0533,2015-09-30
"1072",2015-10-01,0.0775,-0.0197,-0.0007,0.0,2015.0,10.0,-0.0404,2015-10-30
"1073",2015-11-01,0.0056,0.0364,-0.0051,0.0,2015.0,11.0,0.0232,2015-11-30
"1074",2015-12-01,-0.0217,-0.0283,-0.0259,0.0001,2015.0,12.0,0.0345,2015-12-31
"1075",2016-01-01,-0.0577,-0.0335,0.0208,0.0001,2016.0,1.0,0.0133,2016-01-29
"1076",2016-02-01,-0.0007,0.0079,-0.005,0.0002,2016.0,2.0,-0.0411,2016-02-29
"1077",2016-03-01,0.0696,0.0087,0.0116,0.0002,2016.0,3.0,-0.0513,2016-03-31
"1078",2016-04-01,0.0092,0.0069,0.0326,0.0001,2016.0,4.0,-0.0627,2016-04-29
"1079",2016-05-01,0.0178,-0.0027,-0.0181,0.0001,2016.0,5.0,0.0192,2016-05-31
"1080",2016-06-01,-0.0005,0.0065,-0.0147,0.0002,2016.0,6.0,0.0422,2016-06-30
"1081",2016-07-01,0.0395,0.0264,-0.0111,0.0002,2016.0,7.0,-0.0299,2016-07-29
"1082",2016-08-01,0.005,0.0116,0.0334,0.0002,2016.0,8.0,-0.0312,2016-08-31
"1083",2016-09-01,0.0025,0.0202,-0.0149,0.0002,2016.0,9.0,-0.0058,2016-09-30
"1084",2016-10-01,-0.0202,-0.0439,0.0416,0.0002,2016.0,10.0,0.0064,2016-10-31
"1085",2016-11-01,0.0486,0.0547,0.0829,0.0001,2016.0,11.0,-0.0415,2016-11-30
"1086",2016-12-01,0.0181,0.001,0.0358,0.0003,2016.0,12.0,-0.0042,2016-12-30
"1087",2017-01-01,0.0194,-0.0104,-0.0278,0.0004,2017.0,1.0,-0.0094,2017-01-31
"1088",2017-02-01,0.0357,-0.0202,-0.0179,0.0004,2017.0,2.0,-0.0165,2017-02-28
"1089",2017-03-01,0.0017,0.012,-0.0317,0.0003,2017.0,3.0,-0.0092,2017-03-31
"1090",2017-04-01,0.0109,0.0071,-0.0187,0.0005,2017.0,4.0,0.0055,2017-04-28
"1091",2017-05-01,0.0106,-0.0254,-0.0378,0.0006,2017.0,5.0,0.0145,2017-05-31
"1092",2017-06-01,0.0078,0.0217,0.0135,0.0006,2017.0,6.0,-0.0026,2017-06-30
"1093",2017-07-01,0.0187,-0.0141,-0.0029,0.0007,2017.0,7.0,0.0163,2017-07-31
"1094",2017-08-01,0.0016,-0.0167,-0.0224,0.0009,2017.0,8.0,0.0352,2017-08-31
"1095",2017-09-01,0.0251,0.0455,0.0303,0.0009,2017.0,9.0,-0.0117,2017-09-29
"1096",2017-10-01,0.0225,-0.0194,-0.0005,0.0009,2017.0,10.0,0.043,2017-10-31
"1097",2017-11-01,0.0312,-0.0065,-0.0004,0.0008,2017.0,11.0,-0.0073,2017-11-30
"1098",2017-12-01,0.0106,-0.0128,0.0014,0.0009,2017.0,12.0,-0.0165,2017-12-29
"1099",2018-01-01,0.0558,-0.0303,-0.0137,0.0011,2018.0,1.0,0.0393,2018-01-31
"1100",2018-02-01,-0.0365,0.0026,-0.0119,0.0011,2018.0,2.0,0.0396,2018-02-28
"1101",2018-03-01,-0.0235,0.0395,-0.0012,0.0012,2018.0,3.0,-0.0124,2018-03-29
"1102",2018-04-01,0.0029,0.0112,0.0054,0.0014,2018.0,4.0,0.002,2018-04-30
"1103",2018-05-01,0.0265,0.0523,-0.0316,0.0014,2018.0,5.0,0.0381,2018-05-31
"1104",2018-06-01,0.0048,0.0118,-0.0238,0.0014,2018.0,6.0,-0.0239,2018-06-29
"1105",2018-07-01,0.0319,-0.0217,0.0043,0.0016,2018.0,7.0,-0.016,2018-07-31
"1106",2018-08-01,0.0344,0.0115,-0.0408,0.0016,2018.0,8.0,0.0531,2018-08-31
"1107",2018-09-01,0.0006,-0.0237,-0.013,0.0015,2018.0,9.0,-0.0007,2018-09-28
"1108",2018-10-01,-0.0768,-0.0476,0.0344,0.0019,2018.0,10.0,-0.0182,2018-10-31
"1109",2018-11-01,0.0169,-0.0079,0.0025,0.0018,2018.0,11.0,-0.0142,2018-11-30
"1110",2018-12-01,-0.0955,-0.0263,-0.0147,0.0019,2018.0,12.0,0.0183,2018-12-31
"1111",2019-01-01,0.0841,0.0301,-0.0062,0.0021,2019.0,1.0,-0.0868,2019-01-31
"1112",2019-02-01,0.034,0.0206,-0.0284,0.0018,2019.0,2.0,0.0079,2019-02-28
"1113",2019-03-01,0.011,-0.0313,-0.0407,0.0019,2019.0,3.0,0.0218,2019-03-29
"1114",2019-04-01,0.0396,-0.0168,0.0193,0.0021,2019.0,4.0,-0.0261,2019-04-30
"1115",2019-05-01,-0.0694,-0.012,-0.0239,0.0021,2019.0,5.0,0.0761,2019-05-31
"1116",2019-06-01,0.0693,0.0034,-0.0108,0.0018,2019.0,6.0,-0.0223,2019-06-28
"1117",2019-07-01,0.0119,-0.0207,0.0014,0.0019,2019.0,7.0,0.0268,2019-07-31
"1118",2019-08-01,-0.0258,-0.0241,-0.0499,0.0016,2019.0,8.0,0.076,2019-08-30
"1119",2019-09-01,0.0143,-0.009,0.0671,0.0018,2019.0,9.0,-0.0685,2019-09-30
"1120",2019-10-01,0.0206,0.0025,-0.0207,0.0015,2019.0,10.0,0.0024,2019-10-31
"1121",2019-11-01,0.0387,0.0087,-0.0186,0.0012,2019.0,11.0,-0.0262,2019-11-29
"1122",2019-12-01,0.0277,0.0068,0.0183,0.0014,2019.0,12.0,-0.0213,2019-12-31
"1123",2020-01-01,-0.0011,-0.0311,-0.0627,0.0013,2020.0,1.0,0.0556,2020-01-31
"1124",2020-02-01,-0.0813,0.0096,-0.0401,0.0012,2020.0,2.0,-0.0025,2020-02-28
"1125",2020-03-01,-0.1339,-0.0516,-0.1412,0.0012,2020.0,3.0,0.0847,2020-03-31
"1126",2020-04-01,0.1365,0.0278,-0.0127,0.0,2020.0,4.0,-0.0529,2020-04-30
"1127",2020-05-01,0.0558,0.0247,-0.0495,0.0001,2020.0,5.0,0.0085,2020-05-29
"1128",2020-06-01,0.0245,0.0256,-0.0203,0.0001,2020.0,6.0,-0.0098,2020-06-30
